gbifID	datasetKey	occurrenceID	kingdom	phylum	class	order	family	genus	species	infraspecificEpithet	taxonRank	scientificName	verbatimScientificName	verbatimScientificNameAuthorship	countryCode	locality	stateProvince	occurrenceStatus	individualCount	publishingOrgKey	decimalLatitude	decimalLongitude	coordinateUncertaintyInMeters	coordinatePrecision	elevation	elevationAccuracy	depth	depthAccuracy	eventDate	day	month	year	taxonKey	speciesKey	basisOfRecord	institutionCode	collectionCode	catalogNumber	recordNumber	identifiedBy	dateIdentified	license	rightsHolder	recordedBy	typeStatus	establishmentMeans	lastInterpreted	mediaType	issue
5087088399	50c9509d-22c7-4a22-a47d-8c48425ef4a7	https://www.inaturalist.org/observations/227385377	Animalia	Arthropoda	Insecta	Hymenoptera	Colletidae	Hylaeus	Hylaeus modestus		SPECIES	Hylaeus modestus Say, 1837	Hylaeus modestus		CA		Nova Scotia	PRESENT		28eb1a3f-1c15-4a95-931a-4af90ecb574d	43.646926	-65.887455	27443.0						2024-07-02T12:50:09	2	7	2024	1349446	1349446	HUMAN_OBSERVATION	iNaturalist	Observations	227385377		John S. Ascher	2025-03-04T04:30:30	CC_BY_NC_4_0	roughlegged	roughlegged			2025-08-03T01:35:57.604Z	StillImage	COORDINATE_ROUNDED;CONTINENT_DERIVED_FROM_COORDINATES;TAXON_ID_NOT_FOUND
5087082695	50c9509d-22c7-4a22-a47d-8c48425ef4a7	https://www.inaturalist.org/observations/232525174	Animalia	Arthropoda	Insecta	Hymenoptera	Colletidae	Hylaeus	Hylaeus modestus		SPECIES	Hylaeus modestus Say, 1837	Hylaeus modestus		CA		Nova Scotia	PRESENT		28eb1a3f-1c15-4a95-931a-4af90ecb574d	43.774108	-65.833919	27443.0						2024-07-21T16:55	21	7	2024	1349446	1349446	HUMAN_OBSERVATION	iNaturalist	Observations	232525174		John S. Ascher	2025-03-04T04:29:59	CC_BY_NC_4_0	roughlegged	roughlegged			2025-08-03T05:17:45.329Z	StillImage	COORDINATE_ROUNDED;CONTINENT_DERIVED_FROM_COORDINATES;TAXON_ID_NOT_FOUND
5087056096	50c9509d-22c7-4a22-a47d-8c48425ef4a7	https://www.inaturalist.org/observations/243422894	Animalia	Arthropoda	Insecta	Hymenoptera	Colletidae	Colletes	Colletes simulans		SPECIES	Colletes simulans Cresson, 1868	Colletes simulans		CA		Nova Scotia	PRESENT		28eb1a3f-1c15-4a95-931a-4af90ecb574d	43.406625	-66.016364	4.0						2024-09-17T12:22:26	17	9	2024	1348551	1348551	HUMAN_OBSERVATION	iNaturalist	Observations	243422894		scaup	2024-09-22T19:47:39	CC0_1_0	scaup	scaup			2025-08-03T01:40:11.334Z	StillImage	COORDINATE_ROUNDED;CONTINENT_DERIVED_FROM_COORDINATES;TAXON_ID_NOT_FOUND
5076820568	50c9509d-22c7-4a22-a47d-8c48425ef4a7	https://www.inaturalist.org/observations/227536753	Animalia	Arthropoda	Insecta	Hymenoptera	Colletidae	Hylaeus	Hylaeus basalis		SPECIES	Hylaeus basalis (Smith, 1853)	Hylaeus basalis		CA		Nova Scotia	PRESENT		28eb1a3f-1c15-4a95-931a-4af90ecb574d	45.469352	-64.771415							2024-06-14T10:40	14	6	2024	1350009	1350009	HUMAN_OBSERVATION	iNaturalist	Observations	227536753		John S. Ascher	2025-02-27T04:37:56	CC_BY_NC_4_0	kathleenfspicer	kathleenfspicer			2025-08-03T01:35:56.432Z	StillImage	CONTINENT_DERIVED_FROM_COORDINATES;TAXON_ID_NOT_FOUND
5076807578	50c9509d-22c7-4a22-a47d-8c48425ef4a7	https://www.inaturalist.org/observations/229792418	Animalia	Arthropoda	Insecta	Hymenoptera	Colletidae	Hylaeus	Hylaeus modestus		SPECIES	Hylaeus modestus Say, 1837	Hylaeus modestus		CA		Nova Scotia	PRESENT		28eb1a3f-1c15-4a95-931a-4af90ecb574d	45.502563	-64.346271	31.0						2024-07-16T10:25	16	7	2024	1349446	1349446	HUMAN_OBSERVATION	iNaturalist	Observations	229792418		john_brownlie	2024-07-16T22:36:06	CC_BY_NC_4_0	john_brownlie	john_brownlie			2025-08-03T03:51:04.650Z	StillImage	COORDINATE_ROUNDED;CONTINENT_DERIVED_FROM_COORDINATES;TAXON_ID_NOT_FOUND
4976314671	50c9509d-22c7-4a22-a47d-8c48425ef4a7	https://www.inaturalist.org/observations/249040778	Animalia	Arthropoda	Insecta	Hymenoptera	Colletidae	Colletes	Colletes compactus	compactus	SUBSPECIES	Colletes compactus compactus Cresson, 1868	Colletes compactus compactus		CA		Nova Scotia	PRESENT		28eb1a3f-1c15-4a95-931a-4af90ecb574d	45.330597	-60.993542	25.0						2024-10-19T12:22	19	10	2024	6252854	1348683	HUMAN_OBSERVATION	iNaturalist	Observations	249040778		John S. Ascher	2024-10-26T00:45:51	CC_BY_4_0	David McCorquodale	David McCorquodale			2025-08-03T03:56:27.413Z	StillImage	COORDINATE_ROUNDED;CONTINENT_DERIVED_FROM_COORDINATES;TAXON_ID_NOT_FOUND
4952931439	50c9509d-22c7-4a22-a47d-8c48425ef4a7	https://www.inaturalist.org/observations/244065773	Animalia	Arthropoda	Insecta	Hymenoptera	Colletidae	Colletes	Colletes simulans	armatus	SUBSPECIES	Colletes simulans armatus Patton, 1879	Colletes simulans armatus		CA		Nova Scotia	PRESENT		28eb1a3f-1c15-4a95-931a-4af90ecb574d	43.633026	-65.813336	83.0						2024-09-23T11:30:14	23	9	2024	6252826	1348551	HUMAN_OBSERVATION	iNaturalist	Observations	244065773		John S. Ascher	2024-09-28T10:10:55	CC_BY_NC_4_0	roughlegged	roughlegged			2025-08-03T02:43:37.548Z	StillImage	COORDINATE_ROUNDED;CONTINENT_DERIVED_FROM_COORDINATES;TAXON_ID_NOT_FOUND
4952661441	50c9509d-22c7-4a22-a47d-8c48425ef4a7	https://www.inaturalist.org/observations/245245048	Animalia	Arthropoda	Insecta	Hymenoptera	Colletidae	Colletes	Colletes simulans		SPECIES	Colletes simulans Cresson, 1868	Colletes simulans		CA		Nova Scotia	PRESENT		28eb1a3f-1c15-4a95-931a-4af90ecb574d	43.405743	-66.014547	122.0						2024-09-17T12:17	17	9	2024	1348551	1348551	HUMAN_OBSERVATION	iNaturalist	Observations	245245048		scaup	2024-10-02T15:23:28	CC0_1_0	scaup	scaup			2025-08-03T01:40:40.303Z	StillImage	COORDINATE_ROUNDED;CONTINENT_DERIVED_FROM_COORDINATES;TAXON_ID_NOT_FOUND
4908160913	50c9509d-22c7-4a22-a47d-8c48425ef4a7	https://www.inaturalist.org/observations/226080730	Animalia	Arthropoda	Insecta	Hymenoptera	Colletidae	Hylaeus	Hylaeus communis		SPECIES	Hylaeus communis Nylander, 1852	Hylaeus communis		CA		Nova Scotia	PRESENT		28eb1a3f-1c15-4a95-931a-4af90ecb574d	44.64099	-63.57479	593.0						2024-06-29T15:24:07	29	6	2024	1349795	1349795	HUMAN_OBSERVATION	iNaturalist	Observations	226080730		John S. Ascher	2024-07-02T01:24:37	CC_BY_NC_4_0	zachary g	zachary g			2025-08-03T03:50:05.247Z	StillImage	CONTINENT_DERIVED_FROM_COORDINATES;TAXON_ID_NOT_FOUND
4516193497	50c9509d-22c7-4a22-a47d-8c48425ef4a7	https://www.inaturalist.org/observations/172045970	Animalia	Arthropoda	Insecta	Hymenoptera	Colletidae	Hylaeus	Hylaeus modestus		SPECIES	Hylaeus modestus Say, 1837	Hylaeus modestus		CA		Nova Scotia	PRESENT		28eb1a3f-1c15-4a95-931a-4af90ecb574d	45.469232	-64.770031							2023-07-06T13:36	6	7	2023	1349446	1349446	HUMAN_OBSERVATION	iNaturalist	Observations	172045970		kathleenfspicer	2023-07-09T21:48:59	CC_BY_NC_4_0	kathleenfspicer	kathleenfspicer			2025-08-03T02:30:05.253Z	StillImage	CONTINENT_DERIVED_FROM_COORDINATES;TAXON_ID_NOT_FOUND
4512141068	50c9509d-22c7-4a22-a47d-8c48425ef4a7	https://www.inaturalist.org/observations/175272028	Animalia	Arthropoda	Insecta	Hymenoptera	Colletidae	Hylaeus	Hylaeus modestus		SPECIES	Hylaeus modestus Say, 1837	Hylaeus modestus		CA		Nova Scotia	PRESENT		28eb1a3f-1c15-4a95-931a-4af90ecb574d	45.469247	-64.770053							2023-07-27T13:17	27	7	2023	1349446	1349446	HUMAN_OBSERVATION	iNaturalist	Observations	175272028		kathleenfspicer	2023-07-27T21:16:50	CC_BY_NC_4_0	kathleenfspicer	kathleenfspicer			2025-08-03T01:21:21.552Z	StillImage	CONTINENT_DERIVED_FROM_COORDINATES;TAXON_ID_NOT_FOUND
4512127958	50c9509d-22c7-4a22-a47d-8c48425ef4a7	https://www.inaturalist.org/observations/174020437	Animalia	Arthropoda	Insecta	Hymenoptera	Colletidae	Hylaeus	Hylaeus modestus		SPECIES	Hylaeus modestus Say, 1837	Hylaeus modestus		CA		Nova Scotia	PRESENT		28eb1a3f-1c15-4a95-931a-4af90ecb574d	45.469247	-64.770053							2023-07-20T13:49	20	7	2023	1349446	1349446	HUMAN_OBSERVATION	iNaturalist	Observations	174020437		kathleenfspicer	2023-07-20T23:40:59	CC_BY_NC_4_0	kathleenfspicer	kathleenfspicer			2025-08-03T01:21:01.019Z	StillImage	CONTINENT_DERIVED_FROM_COORDINATES;TAXON_ID_NOT_FOUND
4512053037	50c9509d-22c7-4a22-a47d-8c48425ef4a7	https://www.inaturalist.org/observations/174783199	Animalia	Arthropoda	Insecta	Hymenoptera	Colletidae	Hylaeus	Hylaeus modestus		SPECIES	Hylaeus modestus Say, 1837	Hylaeus modestus		CA		Nova Scotia	PRESENT		28eb1a3f-1c15-4a95-931a-4af90ecb574d	45.469247	-64.770053							2023-07-24T11:29	24	7	2023	1349446	1349446	HUMAN_OBSERVATION	iNaturalist	Observations	174783199		kathleenfspicer	2023-07-25T00:38:07	CC_BY_NC_4_0	kathleenfspicer	kathleenfspicer			2025-08-03T03:38:57.599Z	StillImage	CONTINENT_DERIVED_FROM_COORDINATES;TAXON_ID_NOT_FOUND
4431041410	50c9509d-22c7-4a22-a47d-8c48425ef4a7	https://www.inaturalist.org/observations/185648889	Animalia	Arthropoda	Insecta	Hymenoptera	Colletidae	Colletes	Colletes simulans		SPECIES	Colletes simulans Cresson, 1868	Colletes simulans		CA		Nova Scotia	PRESENT		28eb1a3f-1c15-4a95-931a-4af90ecb574d	43.407844	-66.019016	80.0						2023-09-24T15:26	24	9	2023	1348551	1348551	HUMAN_OBSERVATION	iNaturalist	Observations	185648889		David McCorquodale	2023-09-30T22:38:35	CC_BY_4_0	David McCorquodale	David McCorquodale			2025-08-03T01:24:21.437Z	StillImage	COORDINATE_ROUNDED;CONTINENT_DERIVED_FROM_COORDINATES;TAXON_ID_NOT_FOUND
4431007356	50c9509d-22c7-4a22-a47d-8c48425ef4a7	https://www.inaturalist.org/observations/185602547	Animalia	Arthropoda	Insecta	Hymenoptera	Colletidae	Colletes	Colletes simulans		SPECIES	Colletes simulans Cresson, 1868	Colletes simulans		CA		Nova Scotia	PRESENT		28eb1a3f-1c15-4a95-931a-4af90ecb574d	43.40801	-66.019047	64.0						2023-09-24T15:17	24	9	2023	1348551	1348551	HUMAN_OBSERVATION	iNaturalist	Observations	185602547		David McCorquodale	2023-09-30T17:50:11	CC_BY_4_0	David McCorquodale	David McCorquodale			2025-08-03T02:33:06.655Z	StillImage	COORDINATE_ROUNDED;CONTINENT_DERIVED_FROM_COORDINATES;TAXON_ID_NOT_FOUND
4430995387	50c9509d-22c7-4a22-a47d-8c48425ef4a7	https://www.inaturalist.org/observations/185602542	Animalia	Arthropoda	Insecta	Hymenoptera	Colletidae	Colletes	Colletes simulans		SPECIES	Colletes simulans Cresson, 1868	Colletes simulans		CA		Nova Scotia	PRESENT		28eb1a3f-1c15-4a95-931a-4af90ecb574d	43.40801	-66.019047	64.0						2023-09-24T15:17	24	9	2023	1348551	1348551	HUMAN_OBSERVATION	iNaturalist	Observations	185602542		David McCorquodale	2023-09-30T17:50:10	CC_BY_4_0	David McCorquodale	David McCorquodale			2025-08-03T01:24:25.510Z	StillImage	COORDINATE_ROUNDED;CONTINENT_DERIVED_FROM_COORDINATES;TAXON_ID_NOT_FOUND
4430529415	50c9509d-22c7-4a22-a47d-8c48425ef4a7	https://www.inaturalist.org/observations/185648890	Animalia	Arthropoda	Insecta	Hymenoptera	Colletidae	Colletes	Colletes simulans		SPECIES	Colletes simulans Cresson, 1868	Colletes simulans		CA		Nova Scotia	PRESENT		28eb1a3f-1c15-4a95-931a-4af90ecb574d	43.407685	-66.018982							2023-09-24T15:28	24	9	2023	1348551	1348551	HUMAN_OBSERVATION	iNaturalist	Observations	185648890		David McCorquodale	2023-09-30T22:38:35	CC_BY_4_0	David McCorquodale	David McCorquodale			2025-08-03T01:24:25.635Z	StillImage	COORDINATE_ROUNDED;CONTINENT_DERIVED_FROM_COORDINATES;TAXON_ID_NOT_FOUND
4430525520	50c9509d-22c7-4a22-a47d-8c48425ef4a7	https://www.inaturalist.org/observations/185648887	Animalia	Arthropoda	Insecta	Hymenoptera	Colletidae	Colletes	Colletes simulans		SPECIES	Colletes simulans Cresson, 1868	Colletes simulans		CA		Nova Scotia	PRESENT		28eb1a3f-1c15-4a95-931a-4af90ecb574d	43.407758	-66.019086	80.0						2023-09-24T15:25	24	9	2023	1348551	1348551	HUMAN_OBSERVATION	iNaturalist	Observations	185648887		David McCorquodale	2023-09-30T22:38:35	CC_BY_4_0	David McCorquodale	David McCorquodale			2025-08-03T01:24:25.593Z	StillImage	COORDINATE_ROUNDED;CONTINENT_DERIVED_FROM_COORDINATES;TAXON_ID_NOT_FOUND
4430503444	50c9509d-22c7-4a22-a47d-8c48425ef4a7	https://www.inaturalist.org/observations/185663889	Animalia	Arthropoda	Insecta	Hymenoptera	Colletidae	Colletes	Colletes simulans		SPECIES	Colletes simulans Cresson, 1868	Colletes simulans		CA		Nova Scotia	PRESENT		28eb1a3f-1c15-4a95-931a-4af90ecb574d	43.406398	-66.018508							2023-09-24T16:21	24	9	2023	1348551	1348551	HUMAN_OBSERVATION	iNaturalist	Observations	185663889		David McCorquodale	2023-10-01T00:35:23	CC_BY_4_0	David McCorquodale	David McCorquodale			2025-08-03T02:33:06.433Z	StillImage	COORDINATE_ROUNDED;CONTINENT_DERIVED_FROM_COORDINATES;TAXON_ID_NOT_FOUND
4424598789	50c9509d-22c7-4a22-a47d-8c48425ef4a7	https://www.inaturalist.org/observations/185642739	Animalia	Arthropoda	Insecta	Hymenoptera	Colletidae	Colletes	Colletes simulans		SPECIES	Colletes simulans Cresson, 1868	Colletes simulans		CA		Nova Scotia	PRESENT		28eb1a3f-1c15-4a95-931a-4af90ecb574d	43.73758	-66.117026	42.0						2023-09-30T12:07:10	30	9	2023	1348551	1348551	HUMAN_OBSERVATION	iNaturalist	Observations	185642739		roughlegged	2023-09-30T21:57:22	CC_BY_NC_4_0	roughlegged	roughlegged			2025-08-03T02:33:08.404Z	StillImage	COORDINATE_ROUNDED;CONTINENT_DERIVED_FROM_COORDINATES;TAXON_ID_NOT_FOUND
4421016307	50c9509d-22c7-4a22-a47d-8c48425ef4a7	https://www.inaturalist.org/observations/185463944	Animalia	Arthropoda	Insecta	Hymenoptera	Colletidae	Colletes	Colletes simulans		SPECIES	Colletes simulans Cresson, 1868	Colletes simulans		CA		Nova Scotia	PRESENT		28eb1a3f-1c15-4a95-931a-4af90ecb574d	43.394842	-66.013896	90.0						2023-09-24T11:39	24	9	2023	1348551	1348551	HUMAN_OBSERVATION	iNaturalist	Observations	185463944		David McCorquodale	2023-09-29T18:49:26	CC_BY_4_0	David McCorquodale	David McCorquodale			2025-08-03T02:33:04.663Z	StillImage	COORDINATE_ROUNDED;CONTINENT_DERIVED_FROM_COORDINATES;TAXON_ID_NOT_FOUND
4420727552	50c9509d-22c7-4a22-a47d-8c48425ef4a7	https://www.inaturalist.org/observations/185431699	Animalia	Arthropoda	Insecta	Hymenoptera	Colletidae	Colletes	Colletes simulans		SPECIES	Colletes simulans Cresson, 1868	Colletes simulans		CA		Nova Scotia	PRESENT		28eb1a3f-1c15-4a95-931a-4af90ecb574d	43.406773	-66.015472	20.0						2023-09-23T16:02	23	9	2023	1348551	1348551	HUMAN_OBSERVATION	iNaturalist	Observations	185431699		David McCorquodale	2023-09-29T15:11:30	CC_BY_4_0	David McCorquodale	David McCorquodale			2025-08-03T03:41:58.164Z	StillImage	COORDINATE_ROUNDED;CONTINENT_DERIVED_FROM_COORDINATES;TAXON_ID_NOT_FOUND
4416664659	50c9509d-22c7-4a22-a47d-8c48425ef4a7	https://www.inaturalist.org/observations/184729386	Animalia	Arthropoda	Insecta	Hymenoptera	Colletidae	Colletes	Colletes simulans		SPECIES	Colletes simulans Cresson, 1868	Colletes simulans		CA		Nova Scotia	PRESENT		28eb1a3f-1c15-4a95-931a-4af90ecb574d	43.633335	-65.812803	138.0						2023-09-24T10:39:06	24	9	2023	1348551	1348551	HUMAN_OBSERVATION	iNaturalist	Observations	184729386		roughlegged	2023-09-24T17:32:57	CC_BY_NC_4_0	roughlegged	roughlegged			2025-08-03T03:41:49.390Z	StillImage	COORDINATE_ROUNDED;CONTINENT_DERIVED_FROM_COORDINATES;TAXON_ID_NOT_FOUND
4116032613	50c9509d-22c7-4a22-a47d-8c48425ef4a7	https://www.inaturalist.org/observations/159714132	Animalia	Arthropoda	Insecta	Hymenoptera	Colletidae	Colletes	Colletes inaequalis		SPECIES	Colletes inaequalis Say, 1837	Colletes inaequalis		CA		Nova Scotia	PRESENT		28eb1a3f-1c15-4a95-931a-4af90ecb574d	45.469352	-64.771415							2023-04-29T14:45	29	4	2023	1348821	1348821	HUMAN_OBSERVATION	iNaturalist	Observations	159714132		Geneviève Boudreau	2023-05-14T14:59:26	CC_BY_NC_4_0	kathleenfspicer	kathleenfspicer			2025-08-03T02:27:15.227Z	StillImage	CONTINENT_DERIVED_FROM_COORDINATES;TAXON_ID_NOT_FOUND
4111577204	50c9509d-22c7-4a22-a47d-8c48425ef4a7	https://www.inaturalist.org/observations/159712997	Animalia	Arthropoda	Insecta	Hymenoptera	Colletidae	Colletes	Colletes inaequalis		SPECIES	Colletes inaequalis Say, 1837	Colletes inaequalis		CA		Nova Scotia	PRESENT		28eb1a3f-1c15-4a95-931a-4af90ecb574d	45.469352	-64.771415							2023-04-29T14:36	29	4	2023	1348821	1348821	HUMAN_OBSERVATION	iNaturalist	Observations	159712997		John S. Ascher	2023-05-06T04:01:33	CC_BY_NC_4_0	kathleenfspicer	kathleenfspicer			2025-08-03T03:35:17.417Z	StillImage	CONTINENT_DERIVED_FROM_COORDINATES;TAXON_ID_NOT_FOUND
3994076570	50c9509d-22c7-4a22-a47d-8c48425ef4a7	https://www.inaturalist.org/observations/135430332	Animalia	Arthropoda	Insecta	Hymenoptera	Colletidae	Colletes	Colletes simulans	armatus	SUBSPECIES	Colletes simulans armatus Patton, 1879	Colletes simulans armatus		CA		Nova Scotia	PRESENT		28eb1a3f-1c15-4a95-931a-4af90ecb574d	43.93068	-60.009189	20.0						2022-09-17T15:25:37	17	9	2022	6252826	1348551	HUMAN_OBSERVATION	iNaturalist	Observations	135430332		John S. Ascher	2022-12-12T08:22:44	CC_BY_NC_4_0	Cody Chapman	Cody Chapman			2025-08-03T01:11:33.480Z	StillImage	COORDINATE_ROUNDED;CONTINENT_DERIVED_FROM_COORDINATES;TAXON_ID_NOT_FOUND
3912471738	50c9509d-22c7-4a22-a47d-8c48425ef4a7	https://www.inaturalist.org/observations/135822857	Animalia	Arthropoda	Insecta	Hymenoptera	Colletidae	Hylaeus	Hylaeus punctatus		SPECIES	Hylaeus punctatus (Brullé, 1832)	Hylaeus punctatus		CA		Nova Scotia	PRESENT		28eb1a3f-1c15-4a95-931a-4af90ecb574d	44.655229	-63.732484	5.0						2022-09-19T13:24	19	9	2022	1350002	1350002	HUMAN_OBSERVATION	iNaturalist	Observations	135822857		Ben Armstrong	2022-09-20T23:15:09	CC_BY_4_0	Ben Armstrong	Ben Armstrong			2025-08-03T01:11:42.801Z	StillImage	COORDINATE_ROUNDED;CONTINENT_DERIVED_FROM_COORDINATES;TAXON_ID_NOT_FOUND
3902867185	50c9509d-22c7-4a22-a47d-8c48425ef4a7	https://www.inaturalist.org/observations/132849353	Animalia	Arthropoda	Insecta	Hymenoptera	Colletidae	Colletes	Colletes simulans	armatus	SUBSPECIES	Colletes simulans armatus Patton, 1879	Colletes simulans armatus		CA		Nova Scotia	PRESENT		28eb1a3f-1c15-4a95-931a-4af90ecb574d	45.473124	-64.76856							2022-08-21T15:12	21	8	2022	6252826	1348551	HUMAN_OBSERVATION	iNaturalist	Observations	132849353		John S. Ascher	2022-09-01T04:35:22	CC_BY_NC_4_0	kathleenfspicer	kathleenfspicer			2025-08-03T03:29:31.733Z	StillImage	CONTINENT_DERIVED_FROM_COORDINATES;TAXON_ID_NOT_FOUND
3335069567	50c9509d-22c7-4a22-a47d-8c48425ef4a7	https://www.inaturalist.org/observations/88597195	Animalia	Arthropoda	Insecta	Hymenoptera	Colletidae	Hylaeus	Hylaeus modestus		SPECIES	Hylaeus modestus Say, 1837	Hylaeus modestus		CA		Nova Scotia	PRESENT		28eb1a3f-1c15-4a95-931a-4af90ecb574d	45.487861	-62.75644	4.0						2021-07-25T16:07	25	7	2021	1349446	1349446	HUMAN_OBSERVATION	iNaturalist	Observations	88597195		Mark	2021-07-25T20:17:16	CC_BY_NC_4_0	Mark	Mark			2025-08-03T02:11:58.473Z		COORDINATE_ROUNDED;CONTINENT_DERIVED_FROM_COORDINATES;TAXON_ID_NOT_FOUND
3333374053	50c9509d-22c7-4a22-a47d-8c48425ef4a7	https://www.inaturalist.org/observations/88601248	Animalia	Arthropoda	Insecta	Hymenoptera	Colletidae	Hylaeus	Hylaeus modestus		SPECIES	Hylaeus modestus Say, 1837	Hylaeus modestus		CA		Nova Scotia	PRESENT		28eb1a3f-1c15-4a95-931a-4af90ecb574d	43.737426	-65.727194	61.0						2021-07-25T12:01	25	7	2021	1349446	1349446	HUMAN_OBSERVATION	iNaturalist	Observations	88601248		sandradennis	2021-07-25T20:46:27	CC_BY_NC_4_0	sandradennis	sandradennis			2025-08-03T02:12:01.446Z	StillImage	COORDINATE_ROUNDED;CONTINENT_DERIVED_FROM_COORDINATES;TAXON_ID_NOT_FOUND
3109200253	50c9509d-22c7-4a22-a47d-8c48425ef4a7	https://www.inaturalist.org/observations/75436242	Animalia	Arthropoda	Insecta	Hymenoptera	Colletidae	Colletes	Colletes inaequalis		SPECIES	Colletes inaequalis Say, 1837	Colletes inaequalis		CA		Nova Scotia	PRESENT		28eb1a3f-1c15-4a95-931a-4af90ecb574d	45.080723	-64.487886	15.0						2021-04-11T12:54	11	4	2021	1348821	1348821	HUMAN_OBSERVATION	iNaturalist	Observations	75436242		John S. Ascher	2021-04-29T15:05:11	CC_BY_NC_4_0	Cody Chapman	Cody Chapman			2025-08-03T00:56:09.448Z	StillImage	COORDINATE_ROUNDED;CONTINENT_DERIVED_FROM_COORDINATES;TAXON_ID_NOT_FOUND
2818624586	50c9509d-22c7-4a22-a47d-8c48425ef4a7	https://www.inaturalist.org/observations/53270866	Animalia	Arthropoda	Insecta	Hymenoptera	Colletidae	Hylaeus	Hylaeus modestus		SPECIES	Hylaeus modestus Say, 1837	Hylaeus modestus		CA		Nova Scotia	PRESENT		28eb1a3f-1c15-4a95-931a-4af90ecb574d	43.495353	-65.57753	4.0						2020-07-16T11:44	16	7	2020	1349446	1349446	HUMAN_OBSERVATION	iNaturalist	Observations	53270866		Mark Dennis	2020-07-16T16:36:28	CC_BY_NC_4_0	Mark Dennis	Mark Dennis			2025-08-03T03:08:07.585Z	StillImage	COORDINATE_ROUNDED;CONTINENT_DERIVED_FROM_COORDINATES;TAXON_ID_NOT_FOUND
2634223649	50c9509d-22c7-4a22-a47d-8c48425ef4a7	https://www.inaturalist.org/observations/44759654	Animalia	Arthropoda	Insecta	Hymenoptera	Colletidae	Colletes	Colletes inaequalis		SPECIES	Colletes inaequalis Say, 1837	Colletes inaequalis		CA		Nova Scotia	PRESENT		28eb1a3f-1c15-4a95-931a-4af90ecb574d	45.010355	-63.96994	8.0						2020-05-03T13:40:43	3	5	2020	1348821	1348821	HUMAN_OBSERVATION	iNaturalist	Observations	44759654		John S. Ascher	2020-06-03T09:06:28	CC_BY_NC_4_0	Megan Timmons	Megan Timmons			2025-08-03T02:02:52.635Z		COORDINATE_ROUNDED;CONTINENT_DERIVED_FROM_COORDINATES;TAXON_ID_NOT_FOUND
2633971680	50c9509d-22c7-4a22-a47d-8c48425ef4a7	https://www.inaturalist.org/observations/45717463	Animalia	Arthropoda	Insecta	Hymenoptera	Colletidae	Colletes	Colletes inaequalis		SPECIES	Colletes inaequalis Say, 1837	Colletes inaequalis		CA		Nova Scotia	PRESENT		28eb1a3f-1c15-4a95-931a-4af90ecb574d	45.080716	-64.488784	10.0						2020-05-11T11:52	11	5	2020	1348821	1348821	HUMAN_OBSERVATION	iNaturalist	Observations	45717463		John S. Ascher	2020-06-03T09:04:23	CC_BY_NC_4_0	mkkennedy	mkkennedy			2025-08-03T00:49:33.542Z	StillImage	COORDINATE_ROUNDED;CONTINENT_DERIVED_FROM_COORDINATES;TAXON_ID_NOT_FOUND
2626631495	50c9509d-22c7-4a22-a47d-8c48425ef4a7	https://www.inaturalist.org/observations/46540747	Animalia	Arthropoda	Insecta	Hymenoptera	Colletidae	Colletes	Colletes inaequalis		SPECIES	Colletes inaequalis Say, 1837	Colletes inaequalis		CA		Nova Scotia	PRESENT		28eb1a3f-1c15-4a95-931a-4af90ecb574d	45.014107	-63.964044	179.0						2020-05-18	18	5	2020	1348821	1348821	HUMAN_OBSERVATION	iNaturalist	Observations	46540747		kmelville	2020-05-19T22:55:10	CC_BY_NC_4_0	kmelville	kmelville			2025-08-03T04:26:13.584Z		COORDINATE_ROUNDED;CONTINENT_DERIVED_FROM_COORDINATES;TAXON_ID_NOT_FOUND
2609074938	50c9509d-22c7-4a22-a47d-8c48425ef4a7	https://www.inaturalist.org/observations/25450612	Animalia	Arthropoda	Insecta	Hymenoptera	Colletidae	Colletes	Colletes inaequalis		SPECIES	Colletes inaequalis Say, 1837	Colletes inaequalis		CA		Nova Scotia	PRESENT		28eb1a3f-1c15-4a95-931a-4af90ecb574d	45.013531	-63.964881	260.0						2019-05-19T16:52	19	5	2019	1348821	1348821	HUMAN_OBSERVATION	iNaturalist	Observations	25450612		John S. Ascher	2019-07-01T12:49:20	CC_BY_NC_4_0	Nick Belliveau	Nick Belliveau			2025-08-03T01:58:53.513Z	StillImage	COORDINATE_ROUNDED;CONTINENT_DERIVED_FROM_COORDINATES;TAXON_ID_NOT_FOUND
2366140524	50c9509d-22c7-4a22-a47d-8c48425ef4a7	https://www.inaturalist.org/observations/31252056	Animalia	Arthropoda	Insecta	Hymenoptera	Colletidae	Colletes	Colletes simulans	armatus	SUBSPECIES	Colletes simulans armatus Patton, 1879	Colletes simulans armatus		CA		Nova Scotia	PRESENT		28eb1a3f-1c15-4a95-931a-4af90ecb574d	45.334503	-63.286862	8.0						2019-08-21T16:22:04	21	8	2019	6252826	1348551	HUMAN_OBSERVATION	iNaturalist	Observations	31252056		John S. Ascher	2019-08-22T00:29:14	CC_BY_NC_4_0	Cody Chapman	Cody Chapman			2025-08-03T04:19:53.295Z	StillImage	COORDINATE_ROUNDED;CONTINENT_DERIVED_FROM_COORDINATES;TAXON_ID_NOT_FOUND
2331852932	50c9509d-22c7-4a22-a47d-8c48425ef4a7	https://www.inaturalist.org/observations/30013380	Animalia	Arthropoda	Insecta	Hymenoptera	Colletidae	Hylaeus	Hylaeus modestus		SPECIES	Hylaeus modestus Say, 1837	Hylaeus modestus		CA		Nova Scotia	PRESENT		28eb1a3f-1c15-4a95-931a-4af90ecb574d	44.653346	-63.739216	3.0						2019-08-01T14:42	1	8	2019	1349446	1349446	HUMAN_OBSERVATION	iNaturalist	Observations	30013380		Ben Armstrong	2019-08-02T00:14:05	CC_BY_4_0	Ben Armstrong	Ben Armstrong			2025-08-03T01:59:46.057Z	StillImage	COORDINATE_ROUNDED;CONTINENT_DERIVED_FROM_COORDINATES;TAXON_ID_NOT_FOUND
2311326500	50c9509d-22c7-4a22-a47d-8c48425ef4a7	https://www.inaturalist.org/observations/29606872	Animalia	Arthropoda	Insecta	Hymenoptera	Colletidae	Hylaeus	Hylaeus modestus		SPECIES	Hylaeus modestus Say, 1837	Hylaeus modestus		CA		Nova Scotia	PRESENT		28eb1a3f-1c15-4a95-931a-4af90ecb574d	44.650563	-63.721232	5.0						2019-07-25T16:09	25	7	2019	1349446	1349446	HUMAN_OBSERVATION	iNaturalist	Observations	29606872		John S. Ascher	2019-07-27T04:25:07	CC_BY_4_0	Ben Armstrong	Ben Armstrong			2025-08-03T00:46:15.572Z	StillImage	COORDINATE_ROUNDED;CONTINENT_DERIVED_FROM_COORDINATES;TAXON_ID_NOT_FOUND
1914251613	50c9509d-22c7-4a22-a47d-8c48425ef4a7	https://www.inaturalist.org/observations/7075950	Animalia	Arthropoda	Insecta	Hymenoptera	Colletidae	Hylaeus	Hylaeus modestus		SPECIES	Hylaeus modestus Say, 1837	Hylaeus modestus		CA		Nova Scotia	PRESENT		28eb1a3f-1c15-4a95-931a-4af90ecb574d	44.384567	-65.207771							2017-07-15T17:05:23	15	7	2017	1349446	1349446	HUMAN_OBSERVATION	iNaturalist	Observations	7075950		Emily Walker	2017-07-16T16:30:16	CC_BY_NC_4_0	Emily Walker	Emily Walker			2025-08-03T00:41:23.231Z	StillImage	COORDINATE_ROUNDED;CONTINENT_DERIVED_FROM_COORDINATES;TAXON_ID_NOT_FOUND
1913152149	50c9509d-22c7-4a22-a47d-8c48425ef4a7	https://www.inaturalist.org/observations/16187974	Animalia	Arthropoda	Insecta	Hymenoptera	Colletidae	Colletes	Colletes simulans	armatus	SUBSPECIES	Colletes simulans armatus Patton, 1879	Colletes simulans armatus		CA		Nova Scotia	PRESENT		28eb1a3f-1c15-4a95-931a-4af90ecb574d	44.661175	-63.743767	10.0						2018-09-03T11:37	3	9	2018	6252826	1348551	HUMAN_OBSERVATION	iNaturalist	Observations	16187974		John S. Ascher	2018-09-13T04:46:05	CC_BY_4_0	Ben Armstrong	Ben Armstrong			2025-08-03T02:59:26.495Z	StillImage	COORDINATE_ROUNDED;CONTINENT_DERIVED_FROM_COORDINATES;TAXON_ID_NOT_FOUND
