gbifID	datasetKey	occurrenceID	kingdom	phylum	class	order	family	genus	species	infraspecificEpithet	taxonRank	scientificName	verbatimScientificName	verbatimScientificNameAuthorship	countryCode	locality	stateProvince	occurrenceStatus	individualCount	publishingOrgKey	decimalLatitude	decimalLongitude	coordinateUncertaintyInMeters	coordinatePrecision	elevation	elevationAccuracy	depth	depthAccuracy	eventDate	day	month	year	taxonKey	speciesKey	basisOfRecord	institutionCode	collectionCode	catalogNumber	recordNumber	identifiedBy	dateIdentified	license	rightsHolder	recordedBy	typeStatus	establishmentMeans	lastInterpreted	mediaType	issue
5016134590	6ac3f774-d9fb-4796-b3e9-92bf6c81c084		Plantae	Tracheophyta	Magnoliopsida	Caryophyllales	Amaranthaceae	Salicornia	Salicornia maritima		SPECIES	Salicornia maritima S.L.Wolff & Jefferies	Salicornia maritima		GE	Salzseen bei Udabno		PRESENT		bb646dff-a905-4403-a49b-6d378c2cf0d9	41.574059	45.325214	250.0						2012-06-18T00:00	18	6	2012	5383953	5383953	HUMAN_OBSERVATION	NABU|naturgucker	NABU|naturgucker	-1699344239				CC_BY_4_0		304941			2025-02-06T20:25:31.395Z		COORDINATE_ROUNDED;GEODETIC_DATUM_ASSUMED_WGS84;CONTINENT_DERIVED_FROM_COORDINATES
4980386993	50c9509d-22c7-4a22-a47d-8c48425ef4a7	https://www.inaturalist.org/observations/250637516	Plantae	Tracheophyta	Magnoliopsida	Caryophyllales	Amaranthaceae	Salicornia	Salicornia maritima		SPECIES	Salicornia maritima S.L.Wolff & Jefferies	Salicornia maritima		CA		Québec	PRESENT		28eb1a3f-1c15-4a95-931a-4af90ecb574d	47.880108	-69.701775	32.0						2019-06-22T15:52	22	6	2019	5383953	5383953	HUMAN_OBSERVATION	iNaturalist	Observations	250637516		Martine Lapointe	2024-11-06T02:39:25	CC_BY_4_0	Martine Lapointe	Martine Lapointe			2025-03-07T20:28:42.807Z	StillImage	COORDINATE_ROUNDED;CONTINENT_DERIVED_FROM_COORDINATES;TAXON_MATCH_TAXON_ID_IGNORED
4911027443	50c9509d-22c7-4a22-a47d-8c48425ef4a7	https://www.inaturalist.org/observations/230640665	Plantae	Tracheophyta	Magnoliopsida	Caryophyllales	Amaranthaceae	Salicornia	Salicornia maritima		SPECIES	Salicornia maritima S.L.Wolff & Jefferies	Salicornia maritima		CA		New Brunswick	PRESENT		28eb1a3f-1c15-4a95-931a-4af90ecb574d	46.827053	-64.90738	6.0						2024-07-20T19:06:04	20	7	2024	5383953	5383953	HUMAN_OBSERVATION	iNaturalist	Observations	230640665		David Mazerolle	2024-07-21T01:35:28	CC_BY_NC_4_0	David Mazerolle	David Mazerolle			2025-03-07T15:24:58.409Z	StillImage	COORDINATE_ROUNDED;CONTINENT_DERIVED_FROM_COORDINATES;TAXON_MATCH_TAXON_ID_IGNORED
4908458039	50c9509d-22c7-4a22-a47d-8c48425ef4a7	https://www.inaturalist.org/observations/227004057	Plantae	Tracheophyta	Magnoliopsida	Caryophyllales	Amaranthaceae	Salicornia	Salicornia maritima		SPECIES	Salicornia maritima S.L.Wolff & Jefferies	Salicornia maritima		CA		Prince Edward Island	PRESENT		28eb1a3f-1c15-4a95-931a-4af90ecb574d	46.01792	-63.031753	27063.0						2024-07-03T11:21	3	7	2024	5383953	5383953	HUMAN_OBSERVATION	iNaturalist	Observations	227004057		Iain Crowell	2024-07-04T00:19:10	CC_BY_NC_4_0	Daniel McRae	Daniel McRae			2025-03-07T15:21:58.439Z	StillImage	COORDINATE_ROUNDED;CONTINENT_DERIVED_FROM_COORDINATES;TAXON_MATCH_TAXON_ID_IGNORED
4510033601	50c9509d-22c7-4a22-a47d-8c48425ef4a7	https://www.inaturalist.org/observations/101888652	Plantae	Tracheophyta	Magnoliopsida	Caryophyllales	Amaranthaceae	Salicornia	Salicornia maritima		SPECIES	Salicornia maritima S.L.Wolff & Jefferies	Salicornia maritima		CA		Québec	PRESENT		28eb1a3f-1c15-4a95-931a-4af90ecb574d	47.266623	-61.978893							1998-08-12	12	8	1998	5383953	5383953	HUMAN_OBSERVATION	iNaturalist	Observations	101888652		Michael John Oldham	2021-11-25T16:19:44	CC_BY_NC_4_0	Michael John Oldham	Michael John Oldham			2025-03-07T13:25:08.503Z	StillImage	CONTINENT_DERIVED_FROM_COORDINATES;TAXON_MATCH_TAXON_ID_IGNORED
4420826674	50c9509d-22c7-4a22-a47d-8c48425ef4a7	https://www.inaturalist.org/observations/184170159	Plantae	Tracheophyta	Magnoliopsida	Caryophyllales	Amaranthaceae	Salicornia	Salicornia maritima		SPECIES	Salicornia maritima S.L.Wolff & Jefferies	Salicornia maritima		US		Rhode Island	PRESENT		28eb1a3f-1c15-4a95-931a-4af90ecb574d	41.38403	-71.51915	14.0						2023-09-20T15:25:37	20	9	2023	5383953	5383953	HUMAN_OBSERVATION	iNaturalist	Observations	184170159		elliemadigan	2023-09-20T20:44:14	CC_BY_NC_4_0	elliemadigan	elliemadigan			2025-03-07T19:33:44.791Z	StillImage	CONTINENT_DERIVED_FROM_COORDINATES;TAXON_MATCH_TAXON_ID_IGNORED
3925238980	50c9509d-22c7-4a22-a47d-8c48425ef4a7	https://www.inaturalist.org/observations/137753051	Plantae	Tracheophyta	Magnoliopsida	Caryophyllales	Amaranthaceae	Salicornia	Salicornia maritima		SPECIES	Salicornia maritima S.L.Wolff & Jefferies	Salicornia maritima		US		Rhode Island	PRESENT		28eb1a3f-1c15-4a95-931a-4af90ecb574d	41.3812	-71.518172							2022-10-05T14:22	5	10	2022	5383953	5383953	HUMAN_OBSERVATION	iNaturalist	Observations	137753051		lelkins99	2022-10-06T15:30:16	CC_BY_NC_4_0	lelkins99	lelkins99			2025-03-07T14:00:21.299Z	StillImage	COORDINATE_ROUNDED;CONTINENT_DERIVED_FROM_COORDINATES;TAXON_MATCH_TAXON_ID_IGNORED
3759842089	50c9509d-22c7-4a22-a47d-8c48425ef4a7	https://www.inaturalist.org/observations/109658323	Plantae	Tracheophyta	Magnoliopsida	Caryophyllales	Amaranthaceae	Salicornia	Salicornia maritima		SPECIES	Salicornia maritima S.L.Wolff & Jefferies	Salicornia maritima		CA		Prince Edward Island	PRESENT		28eb1a3f-1c15-4a95-931a-4af90ecb574d	46.025827	-63.194753	27063.0						2021-09-29T11:55:37	29	9	2021	5383953	5383953	HUMAN_OBSERVATION	iNaturalist	Observations	109658323		Daniel McRae	2022-03-27T16:14:18	CC_BY_NC_4_0	Daniel McRae	Daniel McRae			2025-03-07T13:33:29.679Z	StillImage	COORDINATE_ROUNDED;TAXON_MATCH_TAXON_ID_IGNORED
3750478251	325ea405-3e25-42aa-a2a4-26820fcb803b	urn:uuid:7a56f15c-8562-4699-92c7-bc11372b0b8c	Plantae	Tracheophyta	Magnoliopsida	Caryophyllales	Amaranthaceae	Salicornia	Salicornia maritima		SPECIES	Salicornia maritima S.L.Wolff & Jefferies	Salicornia maritima S.L. Wolff & Jefferies	S.L. Wolff & Jefferies	US	Kenai National Wildlife Refuge Long Term Ecological Monitoring Program site 6691	Alaska	PRESENT		c3ad790a-d426-4ac1-8e32-da61f81f0117	60.90979	-149.931992	800.0						2001			2001	5383953	5383953	HUMAN_OBSERVATION	KNWR				Matt Bowser	2022-04-01T00:00:00	CC0_1_0		unknown			2025-02-06T17:47:25.309Z		RECORDED_DATE_MISMATCH;TAXON_MATCH_TAXON_ID_IGNORED
357828917	7f24aff6-f762-11e1-a439-00145eb45e9a	357828917	Plantae	Tracheophyta	Magnoliopsida	Caryophyllales	Amaranthaceae	Salicornia	Salicornia maritima		SPECIES	Salicornia maritima S.L.Wolff & Jefferies	Salicornia maritima Wolff & Jefferies	Wolff & Jefferies	ES		Na	PRESENT		487a39c4-f5c0-4dbe-8e11-54b743d6f735	42.493977	-1.826974											5383953	5383953	HUMAN_OBSERVATION	IDBD-GN	CFH-NA	13442				CC_BY_4_0					2025-01-31T22:30:05.978Z		COORDINATE_ROUNDED;GEODETIC_DATUM_ASSUMED_WGS84;COORDINATE_PRECISION_INVALID
357828916	7f24aff6-f762-11e1-a439-00145eb45e9a	357828916	Plantae	Tracheophyta	Magnoliopsida	Caryophyllales	Amaranthaceae	Salicornia	Salicornia maritima		SPECIES	Salicornia maritima S.L.Wolff & Jefferies	Salicornia maritima Wolff & Jefferies	Wolff & Jefferies	ES		Na	PRESENT		487a39c4-f5c0-4dbe-8e11-54b743d6f735	42.128208	-1.73091											5383953	5383953	HUMAN_OBSERVATION	IDBD-GN	CFH-NA	13441				CC_BY_4_0					2025-01-31T22:30:05.977Z		COORDINATE_ROUNDED;GEODETIC_DATUM_ASSUMED_WGS84;COORDINATE_PRECISION_INVALID
357828914	7f24aff6-f762-11e1-a439-00145eb45e9a	357828914	Plantae	Tracheophyta	Magnoliopsida	Caryophyllales	Amaranthaceae	Salicornia	Salicornia maritima		SPECIES	Salicornia maritima S.L.Wolff & Jefferies	Salicornia maritima Wolff & Jefferies	Wolff & Jefferies	ES	Oyón-Las Cañas	Vi	PRESENT		487a39c4-f5c0-4dbe-8e11-54b743d6f735	42.489468	-2.411136			400.0	0.0							5383953	5383953	HUMAN_OBSERVATION	IDBD-GN	CFH-NA	13440				CC_BY_4_0					2025-01-31T22:30:05.978Z		COORDINATE_ROUNDED;GEODETIC_DATUM_ASSUMED_WGS84;COORDINATE_PRECISION_INVALID
357828913	7f24aff6-f762-11e1-a439-00145eb45e9a	357828913	Plantae	Tracheophyta	Magnoliopsida	Caryophyllales	Amaranthaceae	Salicornia	Salicornia maritima		SPECIES	Salicornia maritima S.L.Wolff & Jefferies	Salicornia maritima Wolff & Jefferies	Wolff & Jefferies	ES		Na	PRESENT		487a39c4-f5c0-4dbe-8e11-54b743d6f735	42.394554	-1.79238											5383953	5383953	HUMAN_OBSERVATION	IDBD-GN	CFH-NA	13439				CC_BY_4_0					2025-01-31T22:30:05.978Z		COORDINATE_ROUNDED;GEODETIC_DATUM_ASSUMED_WGS84;COORDINATE_PRECISION_INVALID
357828911	7f24aff6-f762-11e1-a439-00145eb45e9a	357828911	Plantae	Tracheophyta	Magnoliopsida	Caryophyllales	Amaranthaceae	Salicornia	Salicornia maritima		SPECIES	Salicornia maritima S.L.Wolff & Jefferies	Salicornia maritima Wolff & Jefferies	Wolff & Jefferies	ES	Balsa del Purguer	Na	PRESENT		487a39c4-f5c0-4dbe-8e11-54b743d6f735	42.03817	-1.73271											5383953	5383953	HUMAN_OBSERVATION	IDBD-GN	CFH-NA	13437				CC_BY_4_0					2025-01-31T22:30:05.980Z		COORDINATE_ROUNDED;GEODETIC_DATUM_ASSUMED_WGS84;COORDINATE_PRECISION_INVALID
357828908	7f24aff6-f762-11e1-a439-00145eb45e9a	357828908	Plantae	Tracheophyta	Magnoliopsida	Caryophyllales	Amaranthaceae	Salicornia	Salicornia maritima		SPECIES	Salicornia maritima S.L.Wolff & Jefferies	Salicornia maritima Wolff & Jefferies	Wolff & Jefferies	ES		Na	PRESENT		487a39c4-f5c0-4dbe-8e11-54b743d6f735	42.483242	-1.669004											5383953	5383953	HUMAN_OBSERVATION	IDBD-GN	CFH-NA	13435				CC_BY_4_0					2025-01-31T22:30:05.979Z		COORDINATE_ROUNDED;GEODETIC_DATUM_ASSUMED_WGS84;COORDINATE_PRECISION_INVALID
357828907	7f24aff6-f762-11e1-a439-00145eb45e9a	357828907	Plantae	Tracheophyta	Magnoliopsida	Caryophyllales	Amaranthaceae	Salicornia	Salicornia maritima		SPECIES	Salicornia maritima S.L.Wolff & Jefferies	Salicornia maritima Wolff & Jefferies	Wolff & Jefferies	ES		Na	PRESENT		487a39c4-f5c0-4dbe-8e11-54b743d6f735	42.215309	-1.48686											5383953	5383953	HUMAN_OBSERVATION	IDBD-GN	CFH-NA	13434				CC_BY_4_0					2025-01-31T22:30:05.979Z		COORDINATE_ROUNDED;GEODETIC_DATUM_ASSUMED_WGS84;COORDINATE_PRECISION_INVALID
357828905	7f24aff6-f762-11e1-a439-00145eb45e9a	357828905	Plantae	Tracheophyta	Magnoliopsida	Caryophyllales	Amaranthaceae	Salicornia	Salicornia maritima		SPECIES	Salicornia maritima S.L.Wolff & Jefferies	Salicornia maritima Wolff & Jefferies	Wolff & Jefferies	ES		Na	PRESENT		487a39c4-f5c0-4dbe-8e11-54b743d6f735	42.215309	-1.48686											5383953	5383953	HUMAN_OBSERVATION	IDBD-GN	CFH-NA	13433				CC_BY_4_0					2025-01-31T22:30:05.979Z		COORDINATE_ROUNDED;GEODETIC_DATUM_ASSUMED_WGS84;COORDINATE_PRECISION_INVALID
357828903	7f24aff6-f762-11e1-a439-00145eb45e9a	357828903	Plantae	Tracheophyta	Magnoliopsida	Caryophyllales	Amaranthaceae	Salicornia	Salicornia maritima		SPECIES	Salicornia maritima S.L.Wolff & Jefferies	Salicornia maritima Wolff & Jefferies	Wolff & Jefferies	ES	Barranco del Tamarizal	Na	PRESENT		487a39c4-f5c0-4dbe-8e11-54b743d6f735	42.487106	-2.05829			450.0	0.0			1987			1987	5383953	5383953	HUMAN_OBSERVATION	IDBD-GN	CFH-NA	13432				CC_BY_4_0					2025-01-31T22:30:05.980Z		COORDINATE_ROUNDED;GEODETIC_DATUM_ASSUMED_WGS84;COORDINATE_PRECISION_INVALID
357828901	7f24aff6-f762-11e1-a439-00145eb45e9a	357828901	Plantae	Tracheophyta	Magnoliopsida	Caryophyllales	Amaranthaceae	Salicornia	Salicornia maritima		SPECIES	Salicornia maritima S.L.Wolff & Jefferies	Salicornia maritima Wolff & Jefferies	Wolff & Jefferies	ES		Na	PRESENT		487a39c4-f5c0-4dbe-8e11-54b743d6f735	42.49847	-2.411051			400.0	0.0			1983			1983	5383953	5383953	HUMAN_OBSERVATION	IDBD-GN	CFH-NA	13431				CC_BY_4_0					2025-01-31T22:30:05.979Z		COORDINATE_ROUNDED;GEODETIC_DATUM_ASSUMED_WGS84;COORDINATE_PRECISION_INVALID
357828899	7f24aff6-f762-11e1-a439-00145eb45e9a	357828899	Plantae	Tracheophyta	Magnoliopsida	Caryophyllales	Amaranthaceae	Salicornia	Salicornia maritima		SPECIES	Salicornia maritima S.L.Wolff & Jefferies	Salicornia maritima Wolff & Jefferies	Wolff & Jefferies	ES	Las Cañas	Vi	PRESENT		487a39c4-f5c0-4dbe-8e11-54b743d6f735	42.489468	-2.411136			400.0	0.0			1983			1983	5383953	5383953	HUMAN_OBSERVATION	IDBD-GN	CFH-NA	13430				CC_BY_4_0					2025-01-31T22:30:05.931Z		COORDINATE_ROUNDED;GEODETIC_DATUM_ASSUMED_WGS84;COORDINATE_PRECISION_INVALID
357828898	7f24aff6-f762-11e1-a439-00145eb45e9a	357828898	Plantae	Tracheophyta	Magnoliopsida	Caryophyllales	Amaranthaceae	Salicornia	Salicornia maritima		SPECIES	Salicornia maritima S.L.Wolff & Jefferies	Salicornia maritima Wolff & Jefferies	Wolff & Jefferies	ES	Casa Ochoa	Na	PRESENT		487a39c4-f5c0-4dbe-8e11-54b743d6f735	42.512474	-1.875318			400.0	0.0			1987			1987	5383953	5383953	HUMAN_OBSERVATION	IDBD-GN	CFH-NA	13429				CC_BY_4_0					2025-01-31T22:30:05.932Z		COORDINATE_ROUNDED;GEODETIC_DATUM_ASSUMED_WGS84;COORDINATE_PRECISION_INVALID
357828897	7f24aff6-f762-11e1-a439-00145eb45e9a	357828897	Plantae	Tracheophyta	Magnoliopsida	Caryophyllales	Amaranthaceae	Salicornia	Salicornia maritima		SPECIES	Salicornia maritima S.L.Wolff & Jefferies	Salicornia maritima Wolff & Jefferies	Wolff & Jefferies	ES	Corral Beamón	Na	PRESENT		487a39c4-f5c0-4dbe-8e11-54b743d6f735	42.539486	-1.874833			340.0	0.0			1987			1987	5383953	5383953	HUMAN_OBSERVATION	IDBD-GN	CFH-NA	13428				CC_BY_4_0					2025-01-31T22:30:05.930Z		COORDINATE_ROUNDED;GEODETIC_DATUM_ASSUMED_WGS84;COORDINATE_PRECISION_INVALID
357828895	7f24aff6-f762-11e1-a439-00145eb45e9a	357828895	Plantae	Tracheophyta	Magnoliopsida	Caryophyllales	Amaranthaceae	Salicornia	Salicornia maritima		SPECIES	Salicornia maritima S.L.Wolff & Jefferies	Salicornia maritima Wolff & Jefferies	Wolff & Jefferies	ES	Balsa de Pitillas	Na	PRESENT		487a39c4-f5c0-4dbe-8e11-54b743d6f735	42.410347	-1.597631			356.0	0.0			1986			1986	5383953	5383953	HUMAN_OBSERVATION	IDBD-GN	CFH-NA	13427				CC_BY_4_0					2025-01-31T22:30:05.931Z		COORDINATE_ROUNDED;GEODETIC_DATUM_ASSUMED_WGS84;COORDINATE_PRECISION_INVALID
357828894	7f24aff6-f762-11e1-a439-00145eb45e9a	357828894	Plantae	Tracheophyta	Magnoliopsida	Caryophyllales	Amaranthaceae	Salicornia	Salicornia maritima		SPECIES	Salicornia maritima S.L.Wolff & Jefferies	Salicornia maritima Wolff & Jefferies	Wolff & Jefferies	ES	Casa Ochoa	Na	PRESENT		487a39c4-f5c0-4dbe-8e11-54b743d6f735	42.489658	-1.84531			350.0	0.0			1987			1987	5383953	5383953	HUMAN_OBSERVATION	IDBD-GN	CFH-NA	13426				CC_BY_4_0					2025-01-31T22:30:05.930Z		COORDINATE_ROUNDED;GEODETIC_DATUM_ASSUMED_WGS84;COORDINATE_PRECISION_INVALID
357828892	7f24aff6-f762-11e1-a439-00145eb45e9a	357828892	Plantae	Tracheophyta	Magnoliopsida	Caryophyllales	Amaranthaceae	Salicornia	Salicornia maritima		SPECIES	Salicornia maritima S.L.Wolff & Jefferies	Salicornia maritima Wolff & Jefferies	Wolff & Jefferies	ES	Badina La Nava	Na	PRESENT		487a39c4-f5c0-4dbe-8e11-54b743d6f735	42.267437	-1.697808			300.0	0.0			1987			1987	5383953	5383953	HUMAN_OBSERVATION	IDBD-GN	CFH-NA	13425				CC_BY_4_0					2025-01-31T22:30:05.929Z		COORDINATE_ROUNDED;GEODETIC_DATUM_ASSUMED_WGS84;COORDINATE_PRECISION_INVALID
357828891	7f24aff6-f762-11e1-a439-00145eb45e9a	357828891	Plantae	Tracheophyta	Magnoliopsida	Caryophyllales	Amaranthaceae	Salicornia	Salicornia maritima		SPECIES	Salicornia maritima S.L.Wolff & Jefferies	Salicornia maritima Wolff & Jefferies	Wolff & Jefferies	ES	Balsa campo de tiro	Na	PRESENT		487a39c4-f5c0-4dbe-8e11-54b743d6f735	42.211048	-1.505138			300.0	0.0			1986			1986	5383953	5383953	HUMAN_OBSERVATION	IDBD-GN	CFH-NA	13424				CC_BY_4_0					2025-01-31T22:30:05.929Z		COORDINATE_ROUNDED;GEODETIC_DATUM_ASSUMED_WGS84;COORDINATE_PRECISION_INVALID
357828889	7f24aff6-f762-11e1-a439-00145eb45e9a	357828889	Plantae	Tracheophyta	Magnoliopsida	Caryophyllales	Amaranthaceae	Salicornia	Salicornia maritima		SPECIES	Salicornia maritima S.L.Wolff & Jefferies	Salicornia maritima Wolff & Jefferies	Wolff & Jefferies	ES	Balsa de Pitillas	Na	PRESENT		487a39c4-f5c0-4dbe-8e11-54b743d6f735	42.410347	-1.597631			356.0	0.0			1986			1986	5383953	5383953	HUMAN_OBSERVATION	IDBD-GN	CFH-NA	13423				CC_BY_4_0					2025-01-31T22:30:05.932Z		COORDINATE_ROUNDED;GEODETIC_DATUM_ASSUMED_WGS84;COORDINATE_PRECISION_INVALID
357828887	7f24aff6-f762-11e1-a439-00145eb45e9a	357828887	Plantae	Tracheophyta	Magnoliopsida	Caryophyllales	Amaranthaceae	Salicornia	Salicornia maritima		SPECIES	Salicornia maritima S.L.Wolff & Jefferies	Salicornia maritima Wolff & Jefferies	Wolff & Jefferies	ES		Na	PRESENT		487a39c4-f5c0-4dbe-8e11-54b743d6f735	42.396919	-1.60401							1981			1981	5383953	5383953	HUMAN_OBSERVATION	IDBD-GN	CFH-NA	13422				CC_BY_4_0					2025-01-31T22:30:05.934Z		COORDINATE_ROUNDED;GEODETIC_DATUM_ASSUMED_WGS84;COORDINATE_PRECISION_INVALID
357828885	7f24aff6-f762-11e1-a439-00145eb45e9a	357828885	Plantae	Tracheophyta	Magnoliopsida	Caryophyllales	Amaranthaceae	Salicornia	Salicornia maritima		SPECIES	Salicornia maritima S.L.Wolff & Jefferies	Salicornia maritima Wolff & Jefferies	Wolff & Jefferies	ES	Balsa campo de tiro	Na	PRESENT		487a39c4-f5c0-4dbe-8e11-54b743d6f735	42.211048	-1.505138			300.0	0.0			1986			1986	5383953	5383953	HUMAN_OBSERVATION	IDBD-GN	CFH-NA	13421				CC_BY_4_0					2025-01-31T22:30:05.933Z		COORDINATE_ROUNDED;GEODETIC_DATUM_ASSUMED_WGS84;COORDINATE_PRECISION_INVALID
357828883	7f24aff6-f762-11e1-a439-00145eb45e9a	357828883	Plantae	Tracheophyta	Magnoliopsida	Caryophyllales	Amaranthaceae	Salicornia	Salicornia maritima		SPECIES	Salicornia maritima S.L.Wolff & Jefferies	Salicornia maritima Wolff & Jefferies	Wolff & Jefferies	ES	El Charcal	Na	PRESENT		487a39c4-f5c0-4dbe-8e11-54b743d6f735	42.515396	-2.228291			400.0	0.0			1987			1987	5383953	5383953	HUMAN_OBSERVATION	IDBD-GN	CFH-NA	13420				CC_BY_4_0					2025-01-31T22:30:05.934Z		COORDINATE_ROUNDED;GEODETIC_DATUM_ASSUMED_WGS84;COORDINATE_PRECISION_INVALID
357828881	7f24aff6-f762-11e1-a439-00145eb45e9a	357828881	Plantae	Tracheophyta	Magnoliopsida	Caryophyllales	Amaranthaceae	Salicornia	Salicornia maritima		SPECIES	Salicornia maritima S.L.Wolff & Jefferies	Salicornia maritima Wolff & Jefferies	Wolff & Jefferies	ES	Balsa del Juncal	Na	PRESENT		487a39c4-f5c0-4dbe-8e11-54b743d6f735	42.519814	-1.716923			420.0	0.0			1972			1972	5383953	5383953	HUMAN_OBSERVATION	IDBD-GN	CFH-NA	13419				CC_BY_4_0					2025-01-31T22:30:05.937Z		COORDINATE_ROUNDED;GEODETIC_DATUM_ASSUMED_WGS84;COORDINATE_PRECISION_INVALID
357828879	7f24aff6-f762-11e1-a439-00145eb45e9a	357828879	Plantae	Tracheophyta	Magnoliopsida	Caryophyllales	Amaranthaceae	Salicornia	Salicornia maritima		SPECIES	Salicornia maritima S.L.Wolff & Jefferies	Salicornia maritima Wolff & Jefferies	Wolff & Jefferies	ES	Barranco Grande	Na	PRESENT		487a39c4-f5c0-4dbe-8e11-54b743d6f735	42.229214	-1.516827			280.0	0.0			1986			1986	5383953	5383953	HUMAN_OBSERVATION	IDBD-GN	CFH-NA	13418				CC_BY_4_0					2025-01-31T22:30:05.925Z		COORDINATE_ROUNDED;GEODETIC_DATUM_ASSUMED_WGS84;COORDINATE_PRECISION_INVALID
357828877	7f24aff6-f762-11e1-a439-00145eb45e9a	357828877	Plantae	Tracheophyta	Magnoliopsida	Caryophyllales	Amaranthaceae	Salicornia	Salicornia maritima		SPECIES	Salicornia maritima S.L.Wolff & Jefferies	Salicornia maritima Wolff & Jefferies	Wolff & Jefferies	ES		Na	PRESENT		487a39c4-f5c0-4dbe-8e11-54b743d6f735	42.267574	-1.709931			290.0	0.0			1987			1987	5383953	5383953	HUMAN_OBSERVATION	IDBD-GN	CFH-NA	13416				CC_BY_4_0					2025-01-31T22:30:05.925Z		COORDINATE_ROUNDED;GEODETIC_DATUM_ASSUMED_WGS84;COORDINATE_PRECISION_INVALID
3468861375	50c9509d-22c7-4a22-a47d-8c48425ef4a7	https://www.inaturalist.org/observations/56653767	Plantae	Tracheophyta	Magnoliopsida	Caryophyllales	Amaranthaceae	Salicornia	Salicornia maritima		SPECIES	Salicornia maritima S.L.Wolff & Jefferies	Salicornia maritima		CA		Nova Scotia	PRESENT		28eb1a3f-1c15-4a95-931a-4af90ecb574d	44.739712	-65.520408							2020-08-16T15:07:18	16	8	2020	5383953	5383953	HUMAN_OBSERVATION	iNaturalist	Observations	56653767		seanbasquill	2020-08-16T18:08:00	CC_BY_NC_4_0	seanbasquill	seanbasquill			2025-03-07T12:35:24.346Z	StillImage	COORDINATE_ROUNDED;CONTINENT_DERIVED_FROM_COORDINATES;TAXON_MATCH_TAXON_ID_IGNORED
3415474462	50c9509d-22c7-4a22-a47d-8c48425ef4a7	https://www.inaturalist.org/observations/56258513	Plantae	Tracheophyta	Magnoliopsida	Caryophyllales	Amaranthaceae	Salicornia	Salicornia maritima		SPECIES	Salicornia maritima S.L.Wolff & Jefferies	Salicornia maritima		CA		Nova Scotia	PRESENT		28eb1a3f-1c15-4a95-931a-4af90ecb574d	45.839317	-63.557103	6.0						2020-08-12T14:32:30	12	8	2020	5383953	5383953	HUMAN_OBSERVATION	iNaturalist	Observations	56258513		Cody Chapman	2020-08-14T10:56:52	CC_BY_NC_4_0	Cody Chapman	Cody Chapman			2025-03-07T12:34:55.250Z	StillImage	COORDINATE_ROUNDED;CONTINENT_DERIVED_FROM_COORDINATES;TAXON_MATCH_TAXON_ID_IGNORED
3399048328	50c9509d-22c7-4a22-a47d-8c48425ef4a7	https://www.inaturalist.org/observations/99574097	Plantae	Tracheophyta	Magnoliopsida	Caryophyllales	Amaranthaceae	Salicornia	Salicornia maritima		SPECIES	Salicornia maritima S.L.Wolff & Jefferies	Salicornia maritima		CA		Nova Scotia	PRESENT		28eb1a3f-1c15-4a95-931a-4af90ecb574d	45.637388	-62.72657	2430.0						2021-10-27T13:14:56	27	10	2021	5383953	5383953	HUMAN_OBSERVATION	iNaturalist	Observations	99574097		Iain Crowell	2021-10-27T20:44:39	CC0_1_0	scaup	scaup			2025-03-07T13:22:46.046Z	StillImage	COORDINATE_ROUNDED;CONTINENT_DERIVED_FROM_COORDINATES;TAXON_MATCH_TAXON_ID_IGNORED
3398997747	50c9509d-22c7-4a22-a47d-8c48425ef4a7	https://www.inaturalist.org/observations/90724925	Plantae	Tracheophyta	Magnoliopsida	Caryophyllales	Amaranthaceae	Salicornia	Salicornia maritima		SPECIES	Salicornia maritima S.L.Wolff & Jefferies	Salicornia maritima		CA		Nova Scotia	PRESENT		28eb1a3f-1c15-4a95-931a-4af90ecb574d	43.841238	-64.83397	16.0						2021-08-10T10:54:21	10	8	2021	5383953	5383953	HUMAN_OBSERVATION	iNaturalist	Observations	90724925		Cody Chapman	2021-08-11T00:54:05	CC_BY_NC_4_0	Cody Chapman	Cody Chapman			2025-03-07T13:13:18.162Z	StillImage	COORDINATE_ROUNDED;CONTINENT_DERIVED_FROM_COORDINATES;TAXON_MATCH_TAXON_ID_IGNORED
3330630411	50c9509d-22c7-4a22-a47d-8c48425ef4a7	https://www.inaturalist.org/observations/75375334	Plantae	Tracheophyta	Magnoliopsida	Caryophyllales	Amaranthaceae	Salicornia	Salicornia maritima		SPECIES	Salicornia maritima S.L.Wolff & Jefferies	Salicornia maritima		CA		Québec	PRESENT		28eb1a3f-1c15-4a95-931a-4af90ecb574d	47.552427	-69.880993	15.0						2019-09-12T10:02	12	9	2019	5383953	5383953	HUMAN_OBSERVATION	iNaturalist	Observations	75375334		Eric Carignan	2021-04-27T00:16:04	CC_BY_NC_4_0	Eric Carignan	Eric Carignan			2025-03-07T18:04:24.639Z	StillImage	COORDINATE_ROUNDED;CONTINENT_DERIVED_FROM_COORDINATES;TAXON_MATCH_TAXON_ID_IGNORED
3325908386	50c9509d-22c7-4a22-a47d-8c48425ef4a7	https://www.inaturalist.org/observations/86058109	Plantae	Tracheophyta	Magnoliopsida	Caryophyllales	Amaranthaceae	Salicornia	Salicornia maritima		SPECIES	Salicornia maritima S.L.Wolff & Jefferies	Salicornia maritima		CA		Nova Scotia	PRESENT		28eb1a3f-1c15-4a95-931a-4af90ecb574d	44.659622	-63.441422	5.0						2021-07-07T08:22:39	7	7	2021	5383953	5383953	HUMAN_OBSERVATION	iNaturalist	Observations	86058109		Ian Bryson	2021-07-07T17:05:31	CC_BY_NC_4_0	Ian Bryson	Ian Bryson			2025-03-07T13:08:30.159Z	StillImage	COORDINATE_ROUNDED;CONTINENT_DERIVED_FROM_COORDINATES;TAXON_MATCH_TAXON_ID_IGNORED
3008435444	50c9509d-22c7-4a22-a47d-8c48425ef4a7	https://www.inaturalist.org/observations/58072771	Plantae	Tracheophyta	Magnoliopsida	Caryophyllales	Amaranthaceae	Salicornia	Salicornia maritima		SPECIES	Salicornia maritima S.L.Wolff & Jefferies	Salicornia maritima		CA		Québec	PRESENT		28eb1a3f-1c15-4a95-931a-4af90ecb574d	48.676986	-68.038483	31.0						2020-08-29T14:53	29	8	2020	5383953	5383953	HUMAN_OBSERVATION	iNaturalist	Observations	58072771		Étienne Léveillé-Bourret	2020-08-30T20:19:32	CC_BY_NC_4_0	Étienne Léveillé-Bourret	Étienne Léveillé-Bourret			2025-03-07T12:37:01.554Z	StillImage	COORDINATE_ROUNDED;CONTINENT_DERIVED_FROM_COORDINATES;TAXON_MATCH_TAXON_ID_IGNORED
2963878410	50c9509d-22c7-4a22-a47d-8c48425ef4a7	https://www.inaturalist.org/observations/54742060	Plantae	Tracheophyta	Magnoliopsida	Caryophyllales	Amaranthaceae	Salicornia	Salicornia maritima		SPECIES	Salicornia maritima S.L.Wolff & Jefferies	Salicornia maritima		CA		Nova Scotia	PRESENT		28eb1a3f-1c15-4a95-931a-4af90ecb574d	45.74943	-63.213638	9.0						2020-07-28T10:53:16	28	7	2020	5383953	5383953	HUMAN_OBSERVATION	iNaturalist	Observations	54742060		Clean Foundation	2020-07-29T17:44:06	CC_BY_NC_4_0	Clean Foundation	Clean Foundation			2025-03-07T12:33:00.114Z	StillImage	COORDINATE_ROUNDED;CONTINENT_DERIVED_FROM_COORDINATES;TAXON_MATCH_TAXON_ID_IGNORED
2963810425	50c9509d-22c7-4a22-a47d-8c48425ef4a7	https://www.inaturalist.org/observations/54627623	Plantae	Tracheophyta	Magnoliopsida	Caryophyllales	Amaranthaceae	Salicornia	Salicornia maritima		SPECIES	Salicornia maritima S.L.Wolff & Jefferies	Salicornia maritima		CA		Nova Scotia	PRESENT		28eb1a3f-1c15-4a95-931a-4af90ecb574d	45.749338	-63.213145	5.0						2020-07-28T10:44:33	28	7	2020	5383953	5383953	HUMAN_OBSERVATION	iNaturalist	Observations	54627623		Logan Horrocks	2020-07-29T15:13:23	CC_BY_NC_4_0	olivergeorge	olivergeorge			2025-03-07T12:34:43.652Z	StillImage	COORDINATE_ROUNDED;CONTINENT_DERIVED_FROM_COORDINATES;TAXON_MATCH_TAXON_ID_IGNORED
2963783403	50c9509d-22c7-4a22-a47d-8c48425ef4a7	https://www.inaturalist.org/observations/54628753	Plantae	Tracheophyta	Magnoliopsida	Caryophyllales	Amaranthaceae	Salicornia	Salicornia maritima		SPECIES	Salicornia maritima S.L.Wolff & Jefferies	Salicornia maritima		CA		Nova Scotia	PRESENT		28eb1a3f-1c15-4a95-931a-4af90ecb574d	45.749292	-63.21316	4.0						2020-07-28T10:46:14	28	7	2020	5383953	5383953	HUMAN_OBSERVATION	iNaturalist	Observations	54628753		Logan Horrocks	2020-07-29T15:11:04	CC_BY_NC_4_0	Katie	Katie			2025-03-07T12:32:49.100Z	StillImage	COORDINATE_ROUNDED;CONTINENT_DERIVED_FROM_COORDINATES;TAXON_MATCH_TAXON_ID_IGNORED
2868190506	50c9509d-22c7-4a22-a47d-8c48425ef4a7	https://www.inaturalist.org/observations/58475704	Plantae	Tracheophyta	Magnoliopsida	Caryophyllales	Amaranthaceae	Salicornia	Salicornia maritima		SPECIES	Salicornia maritima S.L.Wolff & Jefferies	Salicornia maritima		CA		Prince Edward Island	PRESENT		28eb1a3f-1c15-4a95-931a-4af90ecb574d	46.412422	-62.053886	9.0						2020-09-01T18:24:54	1	9	2020	5383953	5383953	HUMAN_OBSERVATION	iNaturalist	Observations	58475704		Sean Blaney	2020-09-23T16:40:01	CC_BY_NC_4_0	Robert W. Harding	Robert W. Harding			2025-03-07T17:48:18.283Z	StillImage	COORDINATE_ROUNDED;CONTINENT_DERIVED_FROM_COORDINATES;TAXON_MATCH_TAXON_ID_IGNORED
2856529346	50c9509d-22c7-4a22-a47d-8c48425ef4a7	https://www.inaturalist.org/observations/31765488	Plantae	Tracheophyta	Magnoliopsida	Caryophyllales	Amaranthaceae	Salicornia	Salicornia maritima		SPECIES	Salicornia maritima S.L.Wolff & Jefferies	Salicornia maritima		CA		Ontario	PRESENT		28eb1a3f-1c15-4a95-931a-4af90ecb574d	51.644355	-80.556619	244.0						2019-08-11T10:56	11	8	2019	5383953	5383953	HUMAN_OBSERVATION	iNaturalist	Observations	31765488		Quinten Wiegersma	2019-08-30T01:55:48	CC_BY_4_0	Quinten Wiegersma	Quinten Wiegersma			2025-03-07T12:09:02.030Z	StillImage	COORDINATE_ROUNDED;CONTINENT_DERIVED_FROM_COORDINATES;TAXON_MATCH_TAXON_ID_IGNORED
2851185405	50c9509d-22c7-4a22-a47d-8c48425ef4a7	https://www.inaturalist.org/observations/56951460	Plantae	Tracheophyta	Magnoliopsida	Caryophyllales	Amaranthaceae	Salicornia	Salicornia maritima		SPECIES	Salicornia maritima S.L.Wolff & Jefferies	Salicornia maritima		CA		Prince Edward Island	PRESENT		28eb1a3f-1c15-4a95-931a-4af90ecb574d	46.430394	-63.304797							2020-08-18T10:27:09	18	8	2020	5383953	5383953	HUMAN_OBSERVATION	iNaturalist	Observations	56951460		njmurtagh	2020-08-19T17:44:27	CC_BY_NC_4_0	njmurtagh	njmurtagh			2025-03-07T12:35:47.370Z	StillImage	COORDINATE_ROUNDED;CONTINENT_DERIVED_FROM_COORDINATES;TAXON_MATCH_TAXON_ID_IGNORED
2851092074	50c9509d-22c7-4a22-a47d-8c48425ef4a7	https://www.inaturalist.org/observations/56671863	Plantae	Tracheophyta	Magnoliopsida	Caryophyllales	Amaranthaceae	Salicornia	Salicornia maritima		SPECIES	Salicornia maritima S.L.Wolff & Jefferies	Salicornia maritima		CA		Nova Scotia	PRESENT		28eb1a3f-1c15-4a95-931a-4af90ecb574d	45.469986	-64.828805	31.0						2020-07-31T11:18	31	7	2020	5383953	5383953	HUMAN_OBSERVATION	iNaturalist	Observations	56671863		Iain Crowell	2020-08-17T02:31:05	CC_BY_NC_4_0	kathleenfspicer	kathleenfspicer			2025-03-07T12:35:25.210Z	StillImage	COORDINATE_ROUNDED;CONTINENT_DERIVED_FROM_COORDINATES;TAXON_MATCH_TAXON_ID_IGNORED
2850804608	50c9509d-22c7-4a22-a47d-8c48425ef4a7	https://www.inaturalist.org/observations/56360040	Plantae	Tracheophyta	Magnoliopsida	Caryophyllales	Amaranthaceae	Salicornia	Salicornia maritima		SPECIES	Salicornia maritima S.L.Wolff & Jefferies	Salicornia maritima		CA		Nova Scotia	PRESENT		28eb1a3f-1c15-4a95-931a-4af90ecb574d	45.834908	-63.556062	16.0						2020-08-13T11:40:51	13	8	2020	5383953	5383953	HUMAN_OBSERVATION	iNaturalist	Observations	56360040		Iain Crowell	2020-08-14T00:13:59	CC_BY_NC_4_0	Cody Chapman	Cody Chapman			2025-03-07T12:35:02.874Z	StillImage	COORDINATE_ROUNDED;CONTINENT_DERIVED_FROM_COORDINATES;TAXON_MATCH_TAXON_ID_IGNORED
2459990956	50c9509d-22c7-4a22-a47d-8c48425ef4a7	https://www.inaturalist.org/observations/14018078	Plantae	Tracheophyta	Magnoliopsida	Caryophyllales	Amaranthaceae	Salicornia	Salicornia maritima		SPECIES	Salicornia maritima S.L.Wolff & Jefferies	Salicornia maritima		CA		Ontario	PRESENT		28eb1a3f-1c15-4a95-931a-4af90ecb574d	51.48497	-80.444897	100.0						2009-07-08T12:09	8	7	2009	5383953	5383953	HUMAN_OBSERVATION	iNaturalist	Observations	14018078		Samuel Brinker	2018-07-03T19:00:05	CC_BY_NC_4_0	Samuel Brinker	Samuel Brinker			2025-03-07T11:51:47.515Z	StillImage	COORDINATE_ROUNDED;CONTINENT_DERIVED_FROM_COORDINATES;TAXON_MATCH_TAXON_ID_IGNORED
2445125463	50c9509d-22c7-4a22-a47d-8c48425ef4a7	https://www.inaturalist.org/observations/32526991	Plantae	Tracheophyta	Magnoliopsida	Caryophyllales	Amaranthaceae	Salicornia	Salicornia maritima		SPECIES	Salicornia maritima S.L.Wolff & Jefferies	Salicornia maritima		CA		Nova Scotia	PRESENT		28eb1a3f-1c15-4a95-931a-4af90ecb574d	43.84743	-64.81584	25.0						2019-09-04T14:43	4	9	2019	5383953	5383953	HUMAN_OBSERVATION	iNaturalist	Observations	32526991		Sean Blaney	2019-09-11T14:26:04	CC_BY_NC_4_0	Sean Blaney	Sean Blaney			2025-03-07T12:09:42.456Z	StillImage	CONTINENT_DERIVED_FROM_COORDINATES;TAXON_MATCH_TAXON_ID_IGNORED
2397643181	50c9509d-22c7-4a22-a47d-8c48425ef4a7	https://www.inaturalist.org/observations/31840446	Plantae	Tracheophyta	Magnoliopsida	Caryophyllales	Amaranthaceae	Salicornia	Salicornia maritima		SPECIES	Salicornia maritima S.L.Wolff & Jefferies	Salicornia maritima		CA		Nova Scotia	PRESENT		28eb1a3f-1c15-4a95-931a-4af90ecb574d	44.198588	-64.475234	27380.0						2019-08-29T11:07	29	8	2019	5383953	5383953	HUMAN_OBSERVATION	iNaturalist	Observations	31840446		Colin Chapman-Lam	2019-08-31T11:50:50	CC_BY_NC_4_0	Colin Chapman-Lam	Colin Chapman-Lam			2025-03-07T12:09:06.278Z	StillImage	COORDINATE_ROUNDED;CONTINENT_DERIVED_FROM_COORDINATES;TAXON_MATCH_TAXON_ID_IGNORED
2013763750	50c9509d-22c7-4a22-a47d-8c48425ef4a7	https://www.inaturalist.org/observations/9450497	Plantae	Tracheophyta	Magnoliopsida	Caryophyllales	Amaranthaceae	Salicornia	Salicornia maritima		SPECIES	Salicornia maritima S.L.Wolff & Jefferies	Salicornia maritima		CA		Ontario	PRESENT		28eb1a3f-1c15-4a95-931a-4af90ecb574d	51.65575	-80.5708	1000.0						2013-08-02	2	8	2013	5383953	5383953	HUMAN_OBSERVATION	iNaturalist	Observations	9450497		J. Burke Korol	2018-01-12T19:05:32	CC_BY_NC_4_0	J. Burke Korol	J. Burke Korol			2025-03-07T11:48:38.660Z	StillImage	CONTINENT_DERIVED_FROM_COORDINATES;TAXON_MATCH_TAXON_ID_IGNORED
1913715282	50c9509d-22c7-4a22-a47d-8c48425ef4a7	https://www.inaturalist.org/observations/16744140	Plantae	Tracheophyta	Magnoliopsida	Caryophyllales	Amaranthaceae	Salicornia	Salicornia maritima		SPECIES	Salicornia maritima S.L.Wolff & Jefferies	Salicornia maritima		US		Massachusetts	PRESENT		28eb1a3f-1c15-4a95-931a-4af90ecb574d	41.986289	-70.073969							2018-09-20T16:18	20	9	2018	5383953	5383953	HUMAN_OBSERVATION	iNaturalist	Observations	16744140		Gordon Neish	2018-09-21T11:53:44	CC_BY_NC_4_0	Gordon Neish	Gordon Neish			2025-03-07T17:10:45.266Z	StillImage	COORDINATE_ROUNDED;CONTINENT_DERIVED_FROM_COORDINATES;TAXON_MATCH_TAXON_ID_IGNORED
1640090190	50c9509d-22c7-4a22-a47d-8c48425ef4a7	https://www.inaturalist.org/observations/7769857	Plantae	Tracheophyta	Magnoliopsida	Caryophyllales	Amaranthaceae	Salicornia	Salicornia maritima		SPECIES	Salicornia maritima S.L.Wolff & Jefferies	Salicornia maritima		CA		Nova Scotia	PRESENT		28eb1a3f-1c15-4a95-931a-4af90ecb574d	43.766078	-65.932337							2015-06-19T13:31:20	19	6	2015	5383953	5383953	HUMAN_OBSERVATION	iNaturalist	Observations	7769857		Ian Bryson	2017-09-04T00:14:25	CC_BY_NC_4_0	Ian Bryson	Ian Bryson			2025-03-07T17:04:18.104Z	StillImage	COORDINATE_ROUNDED;CONTINENT_DERIVED_FROM_COORDINATES;TAXON_MATCH_TAXON_ID_IGNORED
1640090051	50c9509d-22c7-4a22-a47d-8c48425ef4a7	https://www.inaturalist.org/observations/7769658	Plantae	Tracheophyta	Magnoliopsida	Caryophyllales	Amaranthaceae	Salicornia	Salicornia maritima		SPECIES	Salicornia maritima S.L.Wolff & Jefferies	Salicornia maritima		CA		Newfoundland and Labrador	PRESENT		28eb1a3f-1c15-4a95-931a-4af90ecb574d	48.505133	-58.493986	577.0						2013-08-16T13:36:31	16	8	2013	5383953	5383953	HUMAN_OBSERVATION	iNaturalist	Observations	7769658		Ian Bryson	2017-09-04T00:02:51	CC_BY_NC_4_0	Ian Bryson	Ian Bryson			2025-03-07T11:47:17.710Z	StillImage	COORDINATE_ROUNDED;CONTINENT_DERIVED_FROM_COORDINATES;TAXON_MATCH_TAXON_ID_IGNORED
