gbifID	datasetKey	occurrenceID	kingdom	phylum	class	order	family	genus	species	infraspecificEpithet	taxonRank	scientificName	verbatimScientificName	verbatimScientificNameAuthorship	countryCode	locality	stateProvince	occurrenceStatus	individualCount	publishingOrgKey	decimalLatitude	decimalLongitude	coordinateUncertaintyInMeters	coordinatePrecision	elevation	elevationAccuracy	depth	depthAccuracy	eventDate	day	month	year	taxonKey	speciesKey	basisOfRecord	institutionCode	collectionCode	catalogNumber	recordNumber	identifiedBy	dateIdentified	license	rightsHolder	recordedBy	typeStatus	establishmentMeans	lastInterpreted	mediaType	issue
5237684391	50c9509d-22c7-4a22-a47d-8c48425ef4a7	https://www.inaturalist.org/observations/238808865	Plantae	Tracheophyta	Liliopsida	Poales	Cyperaceae	Carex	Carex hormathodes		SPECIES	Carex hormathodes Fernald	Carex hormathodes		US		Maine	PRESENT		28eb1a3f-1c15-4a95-931a-4af90ecb574d	44.050717	-68.657997	4.0						2024-08-26T16:02	26	8	2024	2729422	2729422	HUMAN_OBSERVATION	iNaturalist	Observations	238808865		Cole Winstanley	2025-07-26T11:52:46	CC_BY_4_0	Brandon Corder	Brandon Corder			2025-08-22T18:53:29.330Z	StillImage	COORDINATE_ROUNDED;CONTINENT_DERIVED_FROM_COORDINATES;TAXON_ID_NOT_FOUND
5230807480	50c9509d-22c7-4a22-a47d-8c48425ef4a7	https://www.inaturalist.org/observations/230591908	Plantae	Tracheophyta	Liliopsida	Poales	Cyperaceae	Carex	Carex hormathodes		SPECIES	Carex hormathodes Fernald	Carex hormathodes		US		Massachusetts	PRESENT		28eb1a3f-1c15-4a95-931a-4af90ecb574d	42.744263	-70.797449	269.0						2024-07-19T12:58	19	7	2024	2729422	2729422	HUMAN_OBSERVATION	iNaturalist	Observations	230591908		Alex Karasoulos	2024-07-20T21:00:26	CC0_1_0	Alex Karasoulos	Alex Karasoulos			2025-08-22T19:45:51.726Z	StillImage	COORDINATE_ROUNDED;CONTINENT_DERIVED_FROM_COORDINATES;TAXON_ID_NOT_FOUND
5217465492	50c9509d-22c7-4a22-a47d-8c48425ef4a7	https://www.inaturalist.org/observations/293272587	Plantae	Tracheophyta	Liliopsida	Poales	Cyperaceae	Carex	Carex hormathodes		SPECIES	Carex hormathodes Fernald	Carex hormathodes		CA		Nova Scotia	PRESENT		28eb1a3f-1c15-4a95-931a-4af90ecb574d	46.432691	-61.121843	26999.0						2025-06-25T10:14	25	6	2025	2729422	2729422	HUMAN_OBSERVATION	iNaturalist	Observations	293272587		Levi smith	2025-06-28T01:41:06	CC_BY_NC_4_0	Levi smith	Levi smith			2025-08-22T19:02:47.458Z	StillImage	COORDINATE_ROUNDED;CONTINENT_DERIVED_FROM_COORDINATES;TAXON_ID_NOT_FOUND
5217074120	50c9509d-22c7-4a22-a47d-8c48425ef4a7	https://www.inaturalist.org/observations/294318254	Plantae	Tracheophyta	Liliopsida	Poales	Cyperaceae	Carex	Carex hormathodes		SPECIES	Carex hormathodes Fernald	Carex hormathodes		CA		New Brunswick	PRESENT		28eb1a3f-1c15-4a95-931a-4af90ecb574d	45.333155	-65.550525	10.0						2025-06-30T21:07:18	30	6	2025	2729422	2729422	HUMAN_OBSERVATION	iNaturalist	Observations	294318254		liambren	2025-07-01T13:57:36	CC_BY_NC_4_0	liambren	liambren			2025-08-22T19:02:58.558Z	StillImage	COORDINATE_ROUNDED;CONTINENT_DERIVED_FROM_COORDINATES;TAXON_ID_NOT_FOUND
5216135865	50c9509d-22c7-4a22-a47d-8c48425ef4a7	https://www.inaturalist.org/observations/293922837	Plantae	Tracheophyta	Liliopsida	Poales	Cyperaceae	Carex	Carex hormathodes		SPECIES	Carex hormathodes Fernald	Carex hormathodes		CA		Québec	PRESENT		28eb1a3f-1c15-4a95-931a-4af90ecb574d	47.423095	-70.324505	20.0						2025-06-28T14:11	28	6	2025	2729422	2729422	HUMAN_OBSERVATION	iNaturalist	Observations	293922837		Étienne Léveillé-Bourret	2025-06-30T01:06:09	CC_BY_NC_4_0	Étienne Léveillé-Bourret	Étienne Léveillé-Bourret			2025-08-22T20:02:51.686Z	StillImage	CONTINENT_DERIVED_FROM_COORDINATES;TAXON_ID_NOT_FOUND
5108020828	50c9509d-22c7-4a22-a47d-8c48425ef4a7	https://www.inaturalist.org/observations/177733022	Plantae	Tracheophyta	Liliopsida	Poales	Cyperaceae	Carex	Carex hormathodes		SPECIES	Carex hormathodes Fernald	Carex hormathodes		CA		Nova Scotia	PRESENT		28eb1a3f-1c15-4a95-931a-4af90ecb574d	45.892135	-59.980148	143.0						2022-08-03T11:42	3	8	2022	2729422	2729422	HUMAN_OBSERVATION	iNaturalist	Observations	177733022		Sean Blaney	2025-03-26T10:32:40	CC_BY_NC_4_0	Bethsheila Kent	Bethsheila Kent			2025-08-22T19:34:43.756Z	StillImage	COORDINATE_ROUNDED;CONTINENT_DERIVED_FROM_COORDINATES;TAXON_ID_NOT_FOUND
5104279932	50c9509d-22c7-4a22-a47d-8c48425ef4a7	https://www.inaturalist.org/observations/173499288	Plantae	Tracheophyta	Liliopsida	Poales	Cyperaceae	Carex	Carex hormathodes		SPECIES	Carex hormathodes Fernald	Carex hormathodes		CA		Prince Edward Island	PRESENT		28eb1a3f-1c15-4a95-931a-4af90ecb574d	47.047558	-64.006523	20.0						2023-07-16T15:43	16	7	2023	2729422	2729422	HUMAN_OBSERVATION	iNaturalist	Observations	173499288		Iain Crowell	2023-07-29T19:27:10	CC_BY_NC_4_0	Rosemary Curley	Rosemary Curley			2025-08-22T20:29:57.271Z	StillImage	COORDINATE_ROUNDED;CONTINENT_DERIVED_FROM_COORDINATES;TAXON_ID_NOT_FOUND
5087136781	50c9509d-22c7-4a22-a47d-8c48425ef4a7	https://www.inaturalist.org/observations/256764309	Plantae	Tracheophyta	Liliopsida	Poales	Cyperaceae	Carex	Carex hormathodes		SPECIES	Carex hormathodes Fernald	Carex hormathodes		US		Maine	PRESENT		28eb1a3f-1c15-4a95-931a-4af90ecb574d	43.3669	-70.577547	27505.0						2024-08-21T16:52	21	8	2024	2729422	2729422	HUMAN_OBSERVATION	iNaturalist	Observations	256764309		joegab	2024-12-30T15:02:22	CC_BY_NC_4_0	joegab	joegab			2025-08-22T19:53:26.781Z	StillImage	COORDINATE_ROUNDED;CONTINENT_DERIVED_FROM_COORDINATES;TAXON_ID_NOT_FOUND
4945638693	50c9509d-22c7-4a22-a47d-8c48425ef4a7	https://www.inaturalist.org/observations/239975405	Plantae	Tracheophyta	Liliopsida	Poales	Cyperaceae	Carex	Carex hormathodes		SPECIES	Carex hormathodes Fernald	Carex hormathodes		US		New York	PRESENT		28eb1a3f-1c15-4a95-931a-4af90ecb574d	40.991281	-72.082444	4.0						2024-07-22T15:40	22	7	2024	2729422	2729422	HUMAN_OBSERVATION	iNaturalist	Observations	239975405		Steve Young	2024-09-05T15:22:21	CC_BY_NC_4_0	Steve Young	Steve Young			2025-08-22T19:48:19.375Z	StillImage	COORDINATE_ROUNDED;CONTINENT_DERIVED_FROM_COORDINATES;TAXON_ID_NOT_FOUND
4904032644	50c9509d-22c7-4a22-a47d-8c48425ef4a7	https://www.inaturalist.org/observations/57970700	Plantae	Tracheophyta	Liliopsida	Poales	Cyperaceae	Carex	Carex hormathodes		SPECIES	Carex hormathodes Fernald	Carex hormathodes		CA		Nova Scotia	PRESENT		28eb1a3f-1c15-4a95-931a-4af90ecb574d	44.503213	-66.093592	81.0						2020-08-29T14:49:55	29	8	2020	2729422	2729422	HUMAN_OBSERVATION	iNaturalist	Observations	57970700		Colin Chapman-Lam	2021-02-21T14:49:05	CC_BY_4_0	Mike Zifkin	Mike Zifkin			2025-08-22T18:19:26.813Z	StillImage	COORDINATE_ROUNDED;CONTINENT_DERIVED_FROM_COORDINATES;TAXON_ID_NOT_FOUND
4547805267	f553f8f9-b147-4f09-86e5-0d1ce1a91ce0	e3a59795-5281-4711-a335-def226675de3	Plantae	Tracheophyta	Liliopsida	Poales	Cyperaceae	Carex	Carex hormathodes		SPECIES	Carex hormathodes Fernald	Carex hormathodes Fernald, 1906		PM			PRESENT		1928bdf0-f5d2-11dc-8c12-b8a03c50a862	46.92988	-56.3056	21893.0										2729422	2729422	HUMAN_OBSERVATION							CC_BY_4_0					2025-07-05T07:49:13.501Z		COUNTRY_MISMATCH;CONTINENT_DERIVED_FROM_COORDINATES;TAXON_ID_NOT_FOUND
4527947157	50c9509d-22c7-4a22-a47d-8c48425ef4a7	https://www.inaturalist.org/observations/195425570	Plantae	Tracheophyta	Liliopsida	Poales	Cyperaceae	Carex	Carex hormathodes		SPECIES	Carex hormathodes Fernald	Carex hormathodes		US		Maine	PRESENT		28eb1a3f-1c15-4a95-931a-4af90ecb574d	44.459144	-67.924844	4.0						2023-07-03T16:19	3	7	2023	2729422	2729422	HUMAN_OBSERVATION	iNaturalist	Observations	195425570		doug_mcgrady	2024-01-01T01:48:24	CC_BY_NC_4_0	doug_mcgrady	doug_mcgrady			2025-08-22T18:44:58.726Z	StillImage	COORDINATE_ROUNDED;CONTINENT_DERIVED_FROM_COORDINATES;TAXON_ID_NOT_FOUND
4520131714	0e1a8d83-1f7a-4b9d-ade7-a665f836eb10	PSM-S6:983	Plantae	Tracheophyta	Liliopsida	Poales	Cyperaceae	Carex	Carex hormathodes		SPECIES	Carex hormathodes Fernald	Carex hormathodes		CA			ABSENT		9f846c4e-5cdd-40e7-8208-8f7ceac8d8f1	48.632038	-69.092103			2.0				2018-07-30T13:49	30	7	2018	2729422	2729422	HUMAN_OBSERVATION							CC_BY_4_0					2025-07-31T12:15:22.522Z		COORDINATE_ROUNDED;GEODETIC_DATUM_ASSUMED_WGS84;CONTINENT_DERIVED_FROM_COORDINATES;SCIENTIFIC_NAME_ID_NOT_FOUND;TAXON_ID_NOT_FOUND
4520131412	0e1a8d83-1f7a-4b9d-ade7-a665f836eb10	PSM-S9:1553	Plantae	Tracheophyta	Liliopsida	Poales	Cyperaceae	Carex	Carex hormathodes		SPECIES	Carex hormathodes Fernald	Carex hormathodes		CA			ABSENT		9f846c4e-5cdd-40e7-8208-8f7ceac8d8f1	48.622234	-69.088104			3.0				2017-07-30T15:47	30	7	2017	2729422	2729422	HUMAN_OBSERVATION							CC_BY_4_0					2025-07-31T12:15:22.498Z		COORDINATE_ROUNDED;GEODETIC_DATUM_ASSUMED_WGS84;CONTINENT_DERIVED_FROM_COORDINATES;SCIENTIFIC_NAME_ID_NOT_FOUND;TAXON_ID_NOT_FOUND
4520131238	0e1a8d83-1f7a-4b9d-ade7-a665f836eb10	PSM-S5:793	Plantae	Tracheophyta	Liliopsida	Poales	Cyperaceae	Carex	Carex hormathodes		SPECIES	Carex hormathodes Fernald	Carex hormathodes		CA			ABSENT		9f846c4e-5cdd-40e7-8208-8f7ceac8d8f1	48.633847	-69.091595			2.5				2018-07-30T12:24	30	7	2018	2729422	2729422	HUMAN_OBSERVATION							CC_BY_4_0					2025-07-31T12:15:22.486Z		COORDINATE_ROUNDED;GEODETIC_DATUM_ASSUMED_WGS84;CONTINENT_DERIVED_FROM_COORDINATES;SCIENTIFIC_NAME_ID_NOT_FOUND;TAXON_ID_NOT_FOUND
4520131162	0e1a8d83-1f7a-4b9d-ade7-a665f836eb10	PSM-S8:1363	Plantae	Tracheophyta	Liliopsida	Poales	Cyperaceae	Carex	Carex hormathodes		SPECIES	Carex hormathodes Fernald	Carex hormathodes		CA			ABSENT		9f846c4e-5cdd-40e7-8208-8f7ceac8d8f1	48.630401	-69.091948			1.0				2018-07-30T14:48	30	7	2018	2729422	2729422	HUMAN_OBSERVATION							CC_BY_4_0					2025-07-31T12:15:22.480Z		COORDINATE_ROUNDED;GEODETIC_DATUM_ASSUMED_WGS84;CONTINENT_DERIVED_FROM_COORDINATES;SCIENTIFIC_NAME_ID_NOT_FOUND;TAXON_ID_NOT_FOUND
4520130774	0e1a8d83-1f7a-4b9d-ade7-a665f836eb10	PSM-S7:1173	Plantae	Tracheophyta	Liliopsida	Poales	Cyperaceae	Carex	Carex hormathodes		SPECIES	Carex hormathodes Fernald	Carex hormathodes		CA			ABSENT		9f846c4e-5cdd-40e7-8208-8f7ceac8d8f1	48.63256	-69.092391			1.5				2018-07-30T14:03	30	7	2018	2729422	2729422	HUMAN_OBSERVATION							CC_BY_4_0					2025-07-31T12:15:22.450Z		COORDINATE_ROUNDED;GEODETIC_DATUM_ASSUMED_WGS84;CONTINENT_DERIVED_FROM_COORDINATES;SCIENTIFIC_NAME_ID_NOT_FOUND;TAXON_ID_NOT_FOUND
4520130765	0e1a8d83-1f7a-4b9d-ade7-a665f836eb10	PSM-S2:223	Plantae	Tracheophyta	Liliopsida	Poales	Cyperaceae	Carex	Carex hormathodes		SPECIES	Carex hormathodes Fernald	Carex hormathodes		CA			ABSENT		9f846c4e-5cdd-40e7-8208-8f7ceac8d8f1	48.629054	-69.091461			1.5				2018-07-30T09:23	30	7	2018	2729422	2729422	HUMAN_OBSERVATION							CC_BY_4_0					2025-07-31T12:15:22.449Z		COORDINATE_ROUNDED;GEODETIC_DATUM_ASSUMED_WGS84;CONTINENT_DERIVED_FROM_COORDINATES;SCIENTIFIC_NAME_ID_NOT_FOUND;TAXON_ID_NOT_FOUND
4520130697	0e1a8d83-1f7a-4b9d-ade7-a665f836eb10	PSM-S1:33	Plantae	Tracheophyta	Liliopsida	Poales	Cyperaceae	Carex	Carex hormathodes		SPECIES	Carex hormathodes Fernald	Carex hormathodes		CA			ABSENT		9f846c4e-5cdd-40e7-8208-8f7ceac8d8f1	48.632905	-69.090846			1.0				2018-07-30T08:37	30	7	2018	2729422	2729422	HUMAN_OBSERVATION							CC_BY_4_0					2025-07-31T12:15:22.438Z		COORDINATE_ROUNDED;GEODETIC_DATUM_ASSUMED_WGS84;CONTINENT_DERIVED_FROM_COORDINATES;SCIENTIFIC_NAME_ID_NOT_FOUND;TAXON_ID_NOT_FOUND
4520130529	0e1a8d83-1f7a-4b9d-ade7-a665f836eb10	PSM-S3:413	Plantae	Tracheophyta	Liliopsida	Poales	Cyperaceae	Carex	Carex hormathodes		SPECIES	Carex hormathodes Fernald	Carex hormathodes		CA			ABSENT		9f846c4e-5cdd-40e7-8208-8f7ceac8d8f1	48.630425	-69.091242			2.0				2018-07-30T09:55	30	7	2018	2729422	2729422	HUMAN_OBSERVATION							CC_BY_4_0					2025-07-31T12:15:22.425Z		COORDINATE_ROUNDED;GEODETIC_DATUM_ASSUMED_WGS84;CONTINENT_DERIVED_FROM_COORDINATES;SCIENTIFIC_NAME_ID_NOT_FOUND;TAXON_ID_NOT_FOUND
4520130221	0e1a8d83-1f7a-4b9d-ade7-a665f836eb10	PSM-S4:603	Plantae	Tracheophyta	Liliopsida	Poales	Cyperaceae	Carex	Carex hormathodes		SPECIES	Carex hormathodes Fernald	Carex hormathodes		CA			ABSENT		9f846c4e-5cdd-40e7-8208-8f7ceac8d8f1	48.633828	-69.091413			2.5				2018-07-30T10:46	30	7	2018	2729422	2729422	HUMAN_OBSERVATION							CC_BY_4_0					2025-07-31T12:15:22.387Z		COORDINATE_ROUNDED;GEODETIC_DATUM_ASSUMED_WGS84;CONTINENT_DERIVED_FROM_COORDINATES;SCIENTIFIC_NAME_ID_NOT_FOUND;TAXON_ID_NOT_FOUND
4520129510	0e1a8d83-1f7a-4b9d-ade7-a665f836eb10	PSM-S10:1743	Plantae	Tracheophyta	Liliopsida	Poales	Cyperaceae	Carex	Carex hormathodes		SPECIES	Carex hormathodes Fernald	Carex hormathodes		CA			ABSENT		9f846c4e-5cdd-40e7-8208-8f7ceac8d8f1	48.63487	-69.092218			1.5				2018-07-31T08:15	31	7	2018	2729422	2729422	HUMAN_OBSERVATION							CC_BY_4_0					2025-07-31T12:15:22.177Z		COORDINATE_ROUNDED;GEODETIC_DATUM_ASSUMED_WGS84;CONTINENT_DERIVED_FROM_COORDINATES;SCIENTIFIC_NAME_ID_NOT_FOUND;TAXON_ID_NOT_FOUND
4510357535	50c9509d-22c7-4a22-a47d-8c48425ef4a7	https://www.inaturalist.org/observations/195571909	Plantae	Tracheophyta	Liliopsida	Poales	Cyperaceae	Carex	Carex hormathodes		SPECIES	Carex hormathodes Fernald	Carex hormathodes		CA		Nova Scotia	PRESENT		28eb1a3f-1c15-4a95-931a-4af90ecb574d	45.79906	-63.67566	10.0						2023-06-28T09:18	28	6	2023	2729422	2729422	HUMAN_OBSERVATION	iNaturalist	Observations	195571909		J. Burke Korol	2024-01-09T15:57:59	CC_BY_NC_4_0	J. Burke Korol	J. Burke Korol			2025-08-22T17:43:57.977Z	StillImage	CONTINENT_DERIVED_FROM_COORDINATES;TAXON_ID_NOT_FOUND
4507831554	50c9509d-22c7-4a22-a47d-8c48425ef4a7	https://www.inaturalist.org/observations/101885950	Plantae	Tracheophyta	Liliopsida	Poales	Cyperaceae	Carex	Carex hormathodes		SPECIES	Carex hormathodes Fernald	Carex hormathodes		CA		Québec	PRESENT		28eb1a3f-1c15-4a95-931a-4af90ecb574d	47.621293	-61.517607							1998-08-11	11	8	1998	2729422	2729422	HUMAN_OBSERVATION	iNaturalist	Observations	101885950		Michael John Oldham	2021-11-25T16:11:33	CC_BY_NC_4_0	Michael John Oldham	Michael John Oldham			2025-08-22T18:27:54.942Z	StillImage	CONTINENT_DERIVED_FROM_COORDINATES;TAXON_ID_NOT_FOUND
4507785536	50c9509d-22c7-4a22-a47d-8c48425ef4a7	https://www.inaturalist.org/observations/101885951	Plantae	Tracheophyta	Liliopsida	Poales	Cyperaceae	Carex	Carex hormathodes		SPECIES	Carex hormathodes Fernald	Carex hormathodes		CA		Québec	PRESENT		28eb1a3f-1c15-4a95-931a-4af90ecb574d	47.212836	-61.9716							1998-08-12	12	8	1998	2729422	2729422	HUMAN_OBSERVATION	iNaturalist	Observations	101885951		Michael John Oldham	2021-11-25T16:11:33	CC_BY_NC_4_0	Michael John Oldham	Michael John Oldham			2025-08-22T18:27:55.153Z	StillImage	CONTINENT_DERIVED_FROM_COORDINATES;TAXON_ID_NOT_FOUND
4507760544	50c9509d-22c7-4a22-a47d-8c48425ef4a7	https://www.inaturalist.org/observations/101535121	Plantae	Tracheophyta	Liliopsida	Poales	Cyperaceae	Carex	Carex hormathodes		SPECIES	Carex hormathodes Fernald	Carex hormathodes		CA		Newfoundland and Labrador	PRESENT		28eb1a3f-1c15-4a95-931a-4af90ecb574d	47.343612	-53.728316							2003-07-28	28	7	2003	2729422	2729422	HUMAN_OBSERVATION	iNaturalist	Observations	101535121		Michael John Oldham	2021-11-20T15:13:34	CC_BY_NC_4_0	Michael John Oldham	Michael John Oldham			2025-08-22T19:19:50.739Z	StillImage	COORDINATE_ROUNDED;CONTINENT_DERIVED_FROM_COORDINATES;TAXON_ID_NOT_FOUND
4507607556	50c9509d-22c7-4a22-a47d-8c48425ef4a7	https://www.inaturalist.org/observations/102366825	Plantae	Tracheophyta	Liliopsida	Poales	Cyperaceae	Carex	Carex hormathodes		SPECIES	Carex hormathodes Fernald	Carex hormathodes		CA		Nova Scotia	PRESENT		28eb1a3f-1c15-4a95-931a-4af90ecb574d	44.28674	-66.342352							1993-07-01	1	7	1993	2729422	2729422	HUMAN_OBSERVATION	iNaturalist	Observations	102366825		Michael John Oldham	2021-12-02T19:17:04	CC_BY_NC_4_0	Michael John Oldham	Michael John Oldham			2025-08-22T19:19:58.299Z	StillImage	CONTINENT_DERIVED_FROM_COORDINATES;TAXON_ID_NOT_FOUND
4465598571	50c9509d-22c7-4a22-a47d-8c48425ef4a7	https://www.inaturalist.org/observations/102190006	Plantae	Tracheophyta	Liliopsida	Poales	Cyperaceae	Carex	Carex hormathodes		SPECIES	Carex hormathodes Fernald	Carex hormathodes		CA		Newfoundland and Labrador	PRESENT		28eb1a3f-1c15-4a95-931a-4af90ecb574d	47.624813	-59.271147							1996-08-03	3	8	1996	2729422	2729422	HUMAN_OBSERVATION	iNaturalist	Observations	102190006		Michael John Oldham	2021-11-29T20:19:41	CC_BY_NC_4_0	Michael John Oldham	Michael John Oldham			2025-08-22T17:23:43.751Z	StillImage	CONTINENT_DERIVED_FROM_COORDINATES;TAXON_ID_NOT_FOUND
4442482812	50c9509d-22c7-4a22-a47d-8c48425ef4a7	https://www.inaturalist.org/observations/173499839	Plantae	Tracheophyta	Liliopsida	Poales	Cyperaceae	Carex	Carex hormathodes		SPECIES	Carex hormathodes Fernald	Carex hormathodes		CA		Prince Edward Island	PRESENT		28eb1a3f-1c15-4a95-931a-4af90ecb574d	47.047558	-64.006523	20.0						2023-07-16T15:43	16	7	2023	2729422	2729422	HUMAN_OBSERVATION	iNaturalist	Observations	173499839		Iain Crowell	2023-07-29T19:26:53	CC_BY_NC_4_0	Rosemary Curley	Rosemary Curley			2025-08-22T17:39:14.845Z	StillImage	COORDINATE_ROUNDED;CONTINENT_DERIVED_FROM_COORDINATES;TAXON_ID_NOT_FOUND
4442353761	50c9509d-22c7-4a22-a47d-8c48425ef4a7	https://www.inaturalist.org/observations/173498550	Plantae	Tracheophyta	Liliopsida	Poales	Cyperaceae	Carex	Carex hormathodes		SPECIES	Carex hormathodes Fernald	Carex hormathodes		CA		Prince Edward Island	PRESENT		28eb1a3f-1c15-4a95-931a-4af90ecb574d	47.047558	-64.006523	50.0						2023-07-16T15:42	16	7	2023	2729422	2729422	HUMAN_OBSERVATION	iNaturalist	Observations	173498550		Sean Blaney	2023-11-19T11:35:54	CC_BY_NC_4_0	Rosemary Curley	Rosemary Curley			2025-08-22T17:39:14.427Z	StillImage	COORDINATE_ROUNDED;CONTINENT_DERIVED_FROM_COORDINATES;TAXON_ID_NOT_FOUND
4430462689	50c9509d-22c7-4a22-a47d-8c48425ef4a7	https://www.inaturalist.org/observations/173300837	Plantae	Tracheophyta	Liliopsida	Poales	Cyperaceae	Carex	Carex hormathodes		SPECIES	Carex hormathodes Fernald	Carex hormathodes		CA		New Brunswick	PRESENT		28eb1a3f-1c15-4a95-931a-4af90ecb574d	46.837712	-64.984763	12.0						2023-07-16T13:55:07	16	7	2023	2729422	2729422	HUMAN_OBSERVATION	iNaturalist	Observations	173300837		Sean Blaney	2023-10-19T16:23:54	CC_BY_NC_4_0	hootx3	hootx3			2025-08-22T18:40:53.801Z	StillImage	COORDINATE_ROUNDED;CONTINENT_DERIVED_FROM_COORDINATES;TAXON_ID_NOT_FOUND
4407541955	50c9509d-22c7-4a22-a47d-8c48425ef4a7	https://www.inaturalist.org/observations/181910782	Plantae	Tracheophyta	Liliopsida	Poales	Cyperaceae	Carex	Carex hormathodes		SPECIES	Carex hormathodes Fernald	Carex hormathodes		CA		Prince Edward Island	PRESENT		28eb1a3f-1c15-4a95-931a-4af90ecb574d	46.62613	-64.35349	10.0						2023-07-12T12:48	12	7	2023	2729422	2729422	HUMAN_OBSERVATION	iNaturalist	Observations	181910782		J. Burke Korol	2023-09-05T14:35:07	CC_BY_NC_4_0	J. Burke Korol	J. Burke Korol			2025-08-22T18:42:36.942Z	StillImage	CONTINENT_DERIVED_FROM_COORDINATES;TAXON_ID_NOT_FOUND
4171290495	50c9509d-22c7-4a22-a47d-8c48425ef4a7	https://www.inaturalist.org/observations/124625948	Plantae	Tracheophyta	Liliopsida	Poales	Cyperaceae	Carex	Carex hormathodes		SPECIES	Carex hormathodes Fernald	Carex hormathodes		CA		Nova Scotia	PRESENT		28eb1a3f-1c15-4a95-931a-4af90ecb574d	46.272927	-60.272102	34.0						2022-07-01T11:01	1	7	2022	2729422	2729422	HUMAN_OBSERVATION	iNaturalist	Observations	124625948		Sean Blaney	2022-12-08T02:34:05	CC_BY_4_0	David McCorquodale	David McCorquodale			2025-08-22T18:32:30.764Z	StillImage	COORDINATE_ROUNDED;CONTINENT_DERIVED_FROM_COORDINATES;TAXON_ID_NOT_FOUND
4137599637	50c9509d-22c7-4a22-a47d-8c48425ef4a7	https://www.inaturalist.org/observations/167270404	Plantae	Tracheophyta	Liliopsida	Poales	Cyperaceae	Carex	Carex hormathodes		SPECIES	Carex hormathodes Fernald	Carex hormathodes		CA		Nova Scotia	PRESENT		28eb1a3f-1c15-4a95-931a-4af90ecb574d	44.258642	-66.352181							2023-06-13T16:57:05	13	6	2023	2729422	2729422	HUMAN_OBSERVATION	iNaturalist	Observations	167270404		agbelliveau	2023-06-13T22:14:33	CC0_1_0	agbelliveau	agbelliveau			2025-08-22T17:37:55.323Z	StillImage	COORDINATE_ROUNDED;CONTINENT_DERIVED_FROM_COORDINATES;TAXON_ID_NOT_FOUND
4102587452	50c9509d-22c7-4a22-a47d-8c48425ef4a7	https://www.inaturalist.org/observations/142793164	Plantae	Tracheophyta	Liliopsida	Poales	Cyperaceae	Carex	Carex hormathodes		SPECIES	Carex hormathodes Fernald	Carex hormathodes		CA		New Brunswick	PRESENT		28eb1a3f-1c15-4a95-931a-4af90ecb574d	44.65457	-66.77373	10.0						2022-06-29T09:47	29	6	2022	2729422	2729422	HUMAN_OBSERVATION	iNaturalist	Observations	142793164		J. Burke Korol	2022-12-08T13:46:47	CC_BY_NC_4_0	J. Burke Korol	J. Burke Korol			2025-08-22T17:32:52.801Z	StillImage	CONTINENT_DERIVED_FROM_COORDINATES;TAXON_ID_NOT_FOUND
4067341345	50c9509d-22c7-4a22-a47d-8c48425ef4a7	https://www.inaturalist.org/observations/19196540	Plantae	Tracheophyta	Liliopsida	Poales	Cyperaceae	Carex	Carex hormathodes		SPECIES	Carex hormathodes Fernald	Carex hormathodes		US		Maine	PRESENT		28eb1a3f-1c15-4a95-931a-4af90ecb574d	44.332844	-68.061655	30.0						2012-06-30T19:43	30	6	2012	2729422	2729422	HUMAN_OBSERVATION	iNaturalist	Observations	19196540		Steven Daniel	2018-12-24T17:38:06	CC_BY_NC_4_0	Steven Daniel	Steven Daniel			2025-08-22T19:07:05.326Z		CONTINENT_DERIVED_FROM_COORDINATES;TAXON_ID_NOT_FOUND
4067268338	50c9509d-22c7-4a22-a47d-8c48425ef4a7	https://www.inaturalist.org/observations/19196295	Plantae	Tracheophyta	Liliopsida	Poales	Cyperaceae	Carex	Carex hormathodes		SPECIES	Carex hormathodes Fernald	Carex hormathodes		US		Maine	PRESENT		28eb1a3f-1c15-4a95-931a-4af90ecb574d	44.333051	-68.061752	37.0						2013-06-27T16:15	27	6	2013	2729422	2729422	HUMAN_OBSERVATION	iNaturalist	Observations	19196295		Steven Daniel	2018-12-24T17:23:23	CC_BY_NC_4_0	Steven Daniel	Steven Daniel			2025-08-22T17:04:30.594Z		CONTINENT_DERIVED_FROM_COORDINATES;TAXON_ID_NOT_FOUND
3994348382	50c9509d-22c7-4a22-a47d-8c48425ef4a7	https://www.inaturalist.org/observations/95876389	Plantae	Tracheophyta	Liliopsida	Poales	Cyperaceae	Carex	Carex hormathodes		SPECIES	Carex hormathodes Fernald	Carex hormathodes		CA		Prince Edward Island	PRESENT		28eb1a3f-1c15-4a95-931a-4af90ecb574d	46.397135	-63.880695	100.0						1998-08-04T11:11	4	8	1998	2729422	2729422	HUMAN_OBSERVATION	iNaturalist	Observations	95876389		Michael John Oldham	2021-09-23T18:01:10	CC_BY_NC_4_0	Michael John Oldham	Michael John Oldham			2025-08-22T20:19:03.766Z	StillImage	CONTINENT_DERIVED_FROM_COORDINATES;TAXON_ID_NOT_FOUND
3994295416	50c9509d-22c7-4a22-a47d-8c48425ef4a7	https://www.inaturalist.org/observations/101885946	Plantae	Tracheophyta	Liliopsida	Poales	Cyperaceae	Carex	Carex hormathodes		SPECIES	Carex hormathodes Fernald	Carex hormathodes		CA		Prince Edward Island	PRESENT		28eb1a3f-1c15-4a95-931a-4af90ecb574d	46.4138	-62.965168							1998-08-08	8	8	1998	2729422	2729422	HUMAN_OBSERVATION	iNaturalist	Observations	101885946		Michael John Oldham	2021-11-25T16:11:33	CC_BY_NC_4_0	Michael John Oldham	Michael John Oldham			2025-08-22T18:27:55.739Z	StillImage	CONTINENT_DERIVED_FROM_COORDINATES;TAXON_ID_NOT_FOUND
3988576279	50c9509d-22c7-4a22-a47d-8c48425ef4a7	https://www.inaturalist.org/observations/143772714	Plantae	Tracheophyta	Liliopsida	Poales	Cyperaceae	Carex	Carex hormathodes		SPECIES	Carex hormathodes Fernald	Carex hormathodes		CA		New Brunswick	PRESENT		28eb1a3f-1c15-4a95-931a-4af90ecb574d	45.16517	-67.04182	10.0						2022-06-27T10:44	27	6	2022	2729422	2729422	HUMAN_OBSERVATION	iNaturalist	Observations	143772714		J. Burke Korol	2022-12-06T03:58:09	CC_BY_NC_4_0	J. Burke Korol	J. Burke Korol			2025-08-22T18:35:55.683Z	StillImage	CONTINENT_DERIVED_FROM_COORDINATES;TAXON_ID_NOT_FOUND
3963690392	50c9509d-22c7-4a22-a47d-8c48425ef4a7	https://www.inaturalist.org/observations/88327302	Plantae	Tracheophyta	Liliopsida	Poales	Cyperaceae	Carex	Carex hormathodes		SPECIES	Carex hormathodes Fernald	Carex hormathodes		CA		Nova Scotia	PRESENT		28eb1a3f-1c15-4a95-931a-4af90ecb574d	43.41597	-65.614176	31.0						2021-07-21T13:26Z	21	7	2021	2729422	2729422	HUMAN_OBSERVATION	iNaturalist	Observations	88327302		Liam Thorne	2021-11-05T23:07:38	CC_BY_NC_4_0	Liam Thorne	Liam Thorne			2025-08-22T19:17:30.023Z	StillImage	COORDINATE_ROUNDED;CONTINENT_DERIVED_FROM_COORDINATES;TAXON_ID_NOT_FOUND
3963668305	50c9509d-22c7-4a22-a47d-8c48425ef4a7	https://www.inaturalist.org/observations/14917660	Plantae	Tracheophyta	Liliopsida	Poales	Cyperaceae	Carex	Carex hormathodes		SPECIES	Carex hormathodes Fernald	Carex hormathodes		CA		Nova Scotia	PRESENT		28eb1a3f-1c15-4a95-931a-4af90ecb574d	44.57278	-63.551333	421.0						2018-07-29T13:49	29	7	2018	2729422	2729422	HUMAN_OBSERVATION	iNaturalist	Observations	14917660		Sean Blaney	2020-02-29T11:05:21	CC_BY_NC_4_0	Nick Belliveau	Nick Belliveau			2025-08-22T17:03:32.469Z	StillImage	COORDINATE_ROUNDED;CONTINENT_DERIVED_FROM_COORDINATES;TAXON_ID_NOT_FOUND
3963619332	50c9509d-22c7-4a22-a47d-8c48425ef4a7	https://www.inaturalist.org/observations/52083011	Plantae	Tracheophyta	Liliopsida	Poales	Cyperaceae	Carex	Carex hormathodes		SPECIES	Carex hormathodes Fernald	Carex hormathodes		CA		Nova Scotia	PRESENT		28eb1a3f-1c15-4a95-931a-4af90ecb574d	45.903	-60.723582	12.0						2020-07-05T13:53	5	7	2020	2729422	2729422	HUMAN_OBSERVATION	iNaturalist	Observations	52083011		Colin Chapman-Lam	2021-02-21T15:35:57	CC_BY_4_0	David McCorquodale	David McCorquodale			2025-08-22T17:12:12.534Z	StillImage	COORDINATE_ROUNDED;CONTINENT_DERIVED_FROM_COORDINATES;TAXON_ID_NOT_FOUND
3963527387	50c9509d-22c7-4a22-a47d-8c48425ef4a7	https://www.inaturalist.org/observations/102366824	Plantae	Tracheophyta	Liliopsida	Poales	Cyperaceae	Carex	Carex hormathodes		SPECIES	Carex hormathodes Fernald	Carex hormathodes		CA		Nova Scotia	PRESENT		28eb1a3f-1c15-4a95-931a-4af90ecb574d	44.254418	-66.343269							1993-07-01	1	7	1993	2729422	2729422	HUMAN_OBSERVATION	iNaturalist	Observations	102366824		Michael John Oldham	2021-12-02T19:17:04	CC_BY_NC_4_0	Michael John Oldham	Michael John Oldham			2025-08-22T19:19:58.679Z	StillImage	CONTINENT_DERIVED_FROM_COORDINATES;TAXON_ID_NOT_FOUND
3963403342	50c9509d-22c7-4a22-a47d-8c48425ef4a7	https://www.inaturalist.org/observations/64905898	Plantae	Tracheophyta	Liliopsida	Poales	Cyperaceae	Carex	Carex hormathodes		SPECIES	Carex hormathodes Fernald	Carex hormathodes		CA		Nova Scotia	PRESENT		28eb1a3f-1c15-4a95-931a-4af90ecb574d	45.652089	-60.869344							2020-07-24T09:44	24	7	2020	2729422	2729422	HUMAN_OBSERVATION	iNaturalist	Observations	64905898		Colin Chapman-Lam	2020-11-17T11:44:54	CC_BY_4_0	alicia penney	alicia penney			2025-08-22T17:14:54.982Z	StillImage	COORDINATE_ROUNDED;CONTINENT_DERIVED_FROM_COORDINATES;TAXON_ID_NOT_FOUND
3963235334	50c9509d-22c7-4a22-a47d-8c48425ef4a7	https://www.inaturalist.org/observations/53543481	Plantae	Tracheophyta	Liliopsida	Poales	Cyperaceae	Carex	Carex hormathodes		SPECIES	Carex hormathodes Fernald	Carex hormathodes		CA		Nova Scotia	PRESENT		28eb1a3f-1c15-4a95-931a-4af90ecb574d	46.227223	-60.344125	6.0						2020-07-18T14:41	18	7	2020	2729422	2729422	HUMAN_OBSERVATION	iNaturalist	Observations	53543481		Colin Chapman-Lam	2021-02-21T15:05:23	CC_BY_4_0	David McCorquodale	David McCorquodale			2025-08-22T19:11:31.738Z	StillImage	COORDINATE_ROUNDED;CONTINENT_DERIVED_FROM_COORDINATES;TAXON_ID_NOT_FOUND
3934990128	91aa3d5b-6f77-4135-a823-cef438a60dfa	dfe20de4-936d-452a-8bf9-cb914b8de67a	Plantae	Tracheophyta	Liliopsida	Poales	Cyperaceae	Carex	Carex hormathodes		SPECIES	Carex hormathodes Fernald	Carex hormathodes Fernald, 1906		PM			PRESENT		1928bdf0-f5d2-11dc-8c12-b8a03c50a862	45.86226	-56.37612	219240.0										2729422	2729422	HUMAN_OBSERVATION							CC_BY_4_0					2025-07-05T08:01:47.512Z		COUNTRY_MISMATCH;TAXON_ID_NOT_FOUND
3912059374	50c9509d-22c7-4a22-a47d-8c48425ef4a7	https://www.inaturalist.org/observations/101885949	Plantae	Tracheophyta	Liliopsida	Poales	Cyperaceae	Carex	Carex hormathodes		SPECIES	Carex hormathodes Fernald	Carex hormathodes		CA		Prince Edward Island	PRESENT		28eb1a3f-1c15-4a95-931a-4af90ecb574d	46.43933	-63.250054							1998-08-08	8	8	1998	2729422	2729422	HUMAN_OBSERVATION	iNaturalist	Observations	101885949		Michael John Oldham	2021-11-25T16:11:33	CC_BY_NC_4_0	Michael John Oldham	Michael John Oldham			2025-08-22T18:27:54.346Z	StillImage	CONTINENT_DERIVED_FROM_COORDINATES;TAXON_ID_NOT_FOUND
3912009402	50c9509d-22c7-4a22-a47d-8c48425ef4a7	https://www.inaturalist.org/observations/101885947	Plantae	Tracheophyta	Liliopsida	Poales	Cyperaceae	Carex	Carex hormathodes		SPECIES	Carex hormathodes Fernald	Carex hormathodes		CA		Prince Edward Island	PRESENT		28eb1a3f-1c15-4a95-931a-4af90ecb574d	46.43933	-63.250054							1998-08-08	8	8	1998	2729422	2729422	HUMAN_OBSERVATION	iNaturalist	Observations	101885947		Michael John Oldham	2021-11-25T16:11:33	CC_BY_NC_4_0	Michael John Oldham	Michael John Oldham			2025-08-22T18:27:54.913Z	StillImage	CONTINENT_DERIVED_FROM_COORDINATES;TAXON_ID_NOT_FOUND
3892639474	50c9509d-22c7-4a22-a47d-8c48425ef4a7	https://www.inaturalist.org/observations/128971167	Plantae	Tracheophyta	Liliopsida	Poales	Cyperaceae	Carex	Carex hormathodes		SPECIES	Carex hormathodes Fernald	Carex hormathodes		CA		Nova Scotia	PRESENT		28eb1a3f-1c15-4a95-931a-4af90ecb574d	45.796547	-63.777887							2022-07-23T08:07	23	7	2022	2729422	2729422	HUMAN_OBSERVATION	iNaturalist	Observations	128971167		Michael John Oldham	2022-08-01T13:31:18	CC_BY_NC_4_0	Michael John Oldham	Michael John Oldham			2025-08-22T19:24:40.951Z	StillImage	COORDINATE_ROUNDED;CONTINENT_DERIVED_FROM_COORDINATES;TAXON_ID_NOT_FOUND
3860052361	50c9509d-22c7-4a22-a47d-8c48425ef4a7	https://www.inaturalist.org/observations/122468968	Plantae	Tracheophyta	Liliopsida	Poales	Cyperaceae	Carex	Carex hormathodes		SPECIES	Carex hormathodes Fernald	Carex hormathodes		US		Massachusetts	PRESENT		28eb1a3f-1c15-4a95-931a-4af90ecb574d	41.356413	-70.634767	4.0						2022-06-18T12:29:52	18	6	2022	2729422	2729422	HUMAN_OBSERVATION	iNaturalist	Observations	122468968		margaretcurtin	2022-06-19T13:08:04	CC_BY_NC_4_0	margaretcurtin	margaretcurtin			2025-08-22T17:28:23.808Z	StillImage	COORDINATE_ROUNDED;CONTINENT_DERIVED_FROM_COORDINATES;TAXON_ID_NOT_FOUND
3847034209	6ed43f52-25d1-4d56-a821-63a8564b81f6	c0e5d587-d869-4afe-b6a3-f9731af1428b	Plantae	Tracheophyta	Liliopsida	Poales	Cyperaceae	Carex	Carex hormathodes		SPECIES	Carex hormathodes Fernald	Carex hormathodes Fernald, 1906		PM			PRESENT		1928bdf0-f5d2-11dc-8c12-b8a03c50a862	45.86226	-56.37612	219240.0										2729422	2729422	HUMAN_OBSERVATION							CC_BY_4_0					2025-07-05T08:52:47.997Z		COUNTRY_MISMATCH;TAXON_ID_NOT_FOUND
3407928482	50c9509d-22c7-4a22-a47d-8c48425ef4a7	https://www.inaturalist.org/observations/88327309	Plantae	Tracheophyta	Liliopsida	Poales	Cyperaceae	Carex	Carex hormathodes		SPECIES	Carex hormathodes Fernald	Carex hormathodes		CA		Nova Scotia	PRESENT		28eb1a3f-1c15-4a95-931a-4af90ecb574d	43.41597	-65.614176	31.0						2021-07-21T13:28Z	21	7	2021	2729422	2729422	HUMAN_OBSERVATION	iNaturalist	Observations	88327309		Sean Blaney	2021-11-05T22:34:04	CC_BY_NC_4_0	Liam Thorne	Liam Thorne			2025-08-22T19:17:29.548Z	StillImage	COORDINATE_ROUNDED;CONTINENT_DERIVED_FROM_COORDINATES;TAXON_ID_NOT_FOUND
3325649832	50c9509d-22c7-4a22-a47d-8c48425ef4a7	https://www.inaturalist.org/observations/85516826	Plantae	Tracheophyta	Liliopsida	Poales	Cyperaceae	Carex	Carex hormathodes		SPECIES	Carex hormathodes Fernald	Carex hormathodes		US		Massachusetts	PRESENT		28eb1a3f-1c15-4a95-931a-4af90ecb574d	41.361507	-70.535306	1187330.0						2021-07-03T14:29:42	3	7	2021	2729422	2729422	HUMAN_OBSERVATION	iNaturalist	Observations	85516826		margaretcurtin	2021-07-03T19:54:53	CC_BY_NC_4_0	margaretcurtin	margaretcurtin			2025-08-22T18:24:35.739Z	StillImage	CONTINENT_DERIVED_FROM_COORDINATES;TAXON_ID_NOT_FOUND
3044807596	50c9509d-22c7-4a22-a47d-8c48425ef4a7	https://www.inaturalist.org/observations/50900786	Plantae	Tracheophyta	Liliopsida	Poales	Cyperaceae	Carex	Carex hormathodes		SPECIES	Carex hormathodes Fernald	Carex hormathodes		CA		Nova Scotia	PRESENT		28eb1a3f-1c15-4a95-931a-4af90ecb574d	44.001845	-66.152727	5.0						2020-06-25T14:14:47	25	6	2020	2729422	2729422	HUMAN_OBSERVATION	iNaturalist	Observations	50900786		Colin Chapman-Lam	2021-02-21T16:00:50	CC_BY_NC_4_0	john_kearney	john_kearney			2025-08-22T18:17:50.301Z	StillImage	COORDINATE_ROUNDED;CONTINENT_DERIVED_FROM_COORDINATES;TAXON_ID_NOT_FOUND
2864611578	50c9509d-22c7-4a22-a47d-8c48425ef4a7	https://www.inaturalist.org/observations/57756985	Plantae	Tracheophyta	Liliopsida	Poales	Cyperaceae	Carex	Carex hormathodes		SPECIES	Carex hormathodes Fernald	Carex hormathodes		CA		Nova Scotia	PRESENT		28eb1a3f-1c15-4a95-931a-4af90ecb574d	44.184973	-64.344718							2020-08-18T16:20	18	8	2020	2729422	2729422	HUMAN_OBSERVATION	iNaturalist	Observations	57756985		Sean Blaney	2020-08-27T18:25:29	CC_BY_NC_4_0	Sean Blaney	Sean Blaney			2025-08-22T19:12:13.145Z	StillImage	COORDINATE_ROUNDED;CONTINENT_DERIVED_FROM_COORDINATES;TAXON_ID_NOT_FOUND
2634371409	50c9509d-22c7-4a22-a47d-8c48425ef4a7	https://www.inaturalist.org/observations/27412749	Plantae	Tracheophyta	Liliopsida	Poales	Cyperaceae	Carex	Carex hormathodes		SPECIES	Carex hormathodes Fernald	Carex hormathodes		US		New York	PRESENT		28eb1a3f-1c15-4a95-931a-4af90ecb574d	40.605799	-73.927563	3.0						2019-06-21T16:07	21	6	2019	2729422	2729422	HUMAN_OBSERVATION	iNaturalist	Observations	27412749		Zihao Wang	2019-06-22T02:42:06	CC_BY_4_0	Zihao Wang	Zihao Wang			2025-08-22T19:07:54.517Z	StillImage	COORDINATE_ROUNDED;CONTINENT_DERIVED_FROM_COORDINATES;TAXON_ID_NOT_FOUND
2574222213	50c9509d-22c7-4a22-a47d-8c48425ef4a7	https://www.inaturalist.org/observations/31090769	Plantae	Tracheophyta	Liliopsida	Poales	Cyperaceae	Carex	Carex hormathodes		SPECIES	Carex hormathodes Fernald	Carex hormathodes		CA		New Brunswick	PRESENT		28eb1a3f-1c15-4a95-931a-4af90ecb574d	44.660669	-66.785589	6.0						2019-08-18T18:24:29	18	8	2019	2729422	2729422	HUMAN_OBSERVATION	iNaturalist	Observations	31090769		Colin Chapman-Lam	2019-11-03T16:34:23	CC_BY_NC_4_0	ColinDJones	ColinDJones			2025-08-22T20:09:08.931Z	StillImage	COORDINATE_ROUNDED;CONTINENT_DERIVED_FROM_COORDINATES;TAXON_ID_NOT_FOUND
2573899010	50c9509d-22c7-4a22-a47d-8c48425ef4a7	https://www.inaturalist.org/observations/28859162	Plantae	Tracheophyta	Liliopsida	Poales	Cyperaceae	Carex	Carex hormathodes		SPECIES	Carex hormathodes Fernald	Carex hormathodes		CA		New Brunswick	PRESENT		28eb1a3f-1c15-4a95-931a-4af90ecb574d	46.212421	-64.397508	103.0						2019-07-14T10:18	14	7	2019	2729422	2729422	HUMAN_OBSERVATION	iNaturalist	Observations	28859162		Colin Chapman-Lam	2019-07-15T11:30:46	CC_BY_NC_4_0	Colin Chapman-Lam	Colin Chapman-Lam			2025-08-22T17:06:57.801Z	StillImage	COORDINATE_ROUNDED;CONTINENT_DERIVED_FROM_COORDINATES;TAXON_ID_NOT_FOUND
2283035655	50c9509d-22c7-4a22-a47d-8c48425ef4a7	https://www.inaturalist.org/observations/27413371	Plantae	Tracheophyta	Liliopsida	Poales	Cyperaceae	Carex	Carex hormathodes		SPECIES	Carex hormathodes Fernald	Carex hormathodes		US		New York	PRESENT		28eb1a3f-1c15-4a95-931a-4af90ecb574d	40.862734	-73.796956							2019-06-16T13:33	16	6	2019	2729422	2729422	HUMAN_OBSERVATION	iNaturalist	Observations	27413371		Zihao Wang	2019-06-22T02:56:11	CC_BY_4_0	Zihao Wang	Zihao Wang			2025-08-22T19:07:58.842Z	StillImage	COORDINATE_ROUNDED;CONTINENT_DERIVED_FROM_COORDINATES;TAXON_ID_NOT_FOUND
2269334254	50c9509d-22c7-4a22-a47d-8c48425ef4a7	https://www.inaturalist.org/observations/9451479	Plantae	Tracheophyta	Liliopsida	Poales	Cyperaceae	Carex	Carex hormathodes		SPECIES	Carex hormathodes Fernald	Carex hormathodes		CA		Nova Scotia	PRESENT		28eb1a3f-1c15-4a95-931a-4af90ecb574d	45.7232	-63.88578	10.0						2012-06-14T11:05	14	6	2012	2729422	2729422	HUMAN_OBSERVATION	iNaturalist	Observations	9451479		Sean Blaney	2018-01-12T20:40:33	CC_BY_NC_4_0	Sean Blaney	Sean Blaney			2025-08-22T18:09:09.786Z	StillImage	CONTINENT_DERIVED_FROM_COORDINATES;TAXON_ID_NOT_FOUND
1880561889	50c9509d-22c7-4a22-a47d-8c48425ef4a7	https://www.inaturalist.org/observations/13752179	Plantae	Tracheophyta	Liliopsida	Poales	Cyperaceae	Carex	Carex hormathodes		SPECIES	Carex hormathodes Fernald	Carex hormathodes		CA		New Brunswick	PRESENT		28eb1a3f-1c15-4a95-931a-4af90ecb574d	45.979324	-64.461064	8.0						2018-06-23T18:50	23	6	2018	2729422	2729422	HUMAN_OBSERVATION	iNaturalist	Observations	13752179		Sean Blaney	2018-06-25T00:42:26	CC_BY_NC_4_0	Colin Chapman-Lam	Colin Chapman-Lam			2025-08-22T19:06:28.598Z	StillImage	COORDINATE_ROUNDED;CONTINENT_DERIVED_FROM_COORDINATES;TAXON_ID_NOT_FOUND
1453288228	50c9509d-22c7-4a22-a47d-8c48425ef4a7	https://www.inaturalist.org/observations/4776644	Plantae	Tracheophyta	Liliopsida	Poales	Cyperaceae	Carex	Carex hormathodes		SPECIES	Carex hormathodes Fernald	Carex hormathodes		CA		New Brunswick	PRESENT		28eb1a3f-1c15-4a95-931a-4af90ecb574d	47.821029	-64.989436	8.0						2016-07-14T19:41	14	7	2016	2729422	2729422	HUMAN_OBSERVATION	iNaturalist	Observations	4776644		Neil Vinson	2016-12-16T01:37:52	CC_BY_NC_4_0	Lewnanny Richardson	Lewnanny Richardson			2025-08-22T19:05:17.992Z	StillImage	COORDINATE_ROUNDED;CONTINENT_DERIVED_FROM_COORDINATES;TAXON_ID_NOT_FOUND
